Name,StockCode,UPC,QtyOnHand,UnitPrice,Category
TYSON TOBACCO LEAF BLUNT HYBRID KNOCKOUT OG KING 1PK CONE,9956711001,499567110015,8,5.99,TOBACCO PRODUCTS
YOCAN FLICK CONCENTRATE & JUICE BOX MOD,9956711007,499567110077,1,35.0,DEVICES: BATTERIES & MODS
GRIND BUDDY,9956711008,499567110084,3,17.5,GRINDERS
NEON GRINDER,9956711009,499567110091,0,18.0,GRINDERS
FFJ 6MG MARBLED MAYHEM,9956711015,499567110152,1,12.0,VAPE JUICES
TWIST CRIMSON NO.1,9956711016,499567110169,1,12.0,VAPE JUICES
FFJ 0MG MARBLE MAYHEM,9956711019,499567110190,3,12.0,VAPE JUICES
FREE-ZEE POP,9956711018,499567110183,1,10.0,VAPE JUICES
VIRTUE VAPE 0MG DELUXE FRENCH DUDE,9956711020,499567110206,1,12.0,VAPE JUICES
HOOKAH STATION $80,0006300000,200063000003,1,80.0,HOOKAH RELATED
MYSTIC HOOKAH $80,0006400000,200064000002,1,80.0,HOOKAH RELATED
THREE KINGS CHARCOAL,0006500000,200065000001,7,3.0,HOOKAH RELATED
YOCAN KODO PRO BATTERY,9956711074,499567110749,0,12.99,DEVICES: BATTERIES & MODS
CYRIL HOOKAH TIPS BAG $6.50,"9956711081, 1174597355",711745973558,2,6.5,HOOKAH RELATED
HOOKAH TONGS,0010100000,200101000002,2,6.0,HOOKAH RELATED
CYRIL PREMIM HOSE,0010300000,200103000000,3,30.0,HOOKAH RELATED
CYRIL DISPOSABLE HOOKAH HOSE,"9175900100, 2540249892",200104000009,1,5.0,HOOKAH RELATED
AGNIE PREMIER $80 HOOKAH,0675900000,206759000005,1,80.0,HOOKAH RELATED
TROPIC DRIP GRINDER,0677700000,206777000001,2,12.99,GRINDERS
TROPIC TRIP GRINDER,0677800000,206778000000,0,16.99,GRINDERS
SPHERE GRINDER,0677900000,206779000009,1,12.0,GRINDERS
720 GRINDER,0678000000,206780000005,4,25.0,GRINDERS
3D GRINDER,0678200000,206782000003,1,17.99,GRINDERS
HERB GRINDER,0678300000,206783000002,1,19.99,GRINDERS
TROPIC PLASTIC MINI JAR,0678400000,206784000001,5,8.0,GRINDERS
TROPIC BIO GRINDER,9816884448,198168844489,4,8.0,GRINDERS
XL GRINDER,0678700000,206787000008,2,18.0,GRINDERS
GOAT GRINDER,0678600000,206786000009,2,39.99,GRINDERS
JAR GRINDER,0678900000,206789000006,1,9.99,GRINDERS
HAPPY HIPPIE GRINDER,0678800000,206788000007,3,21.99,GRINDERS
TROPIC GLOW GRINDER,0679000000,206790000002,2,20.0,GRINDERS
SMOQ MINI GRINDER,0679100000,206791000001,0,15.99,GRINDERS
GLASS GRINDER,0679200000,206792000000,5,12.0,GRINDERS
USB GRINDER,0679400000,206794000008,2,12.0,GRINDERS
AGNI MIST $85 HOOKAH,2848700000,228487000003,0,85.0,HOOKAH RELATED
NAKED SALT 35MG MELON KIWI,6322100000,263221000000,1,15.0,VAPE JUICES
AIR FACTORY 35MG MYSTERY,6329200000,263292000008,2,16.0,VAPE JUICES
SPACE HOOKAH $120,6341100000,263411000001,1,120.0,HOOKAH RELATED
CYRIL BOWL $7,6342200000,263422000007,4,7.0,HOOKAH RELATED
CYRIL HOOKAH BOWL $12.99,6342300000,263423000006,3,12.99,HOOKAH RELATED
420 GRINDER,6346000000,263460000007,1,20.0,GRINDERS
CRISTAL HOOKAH $89,6347600000,263476000008,1,89.0,HOOKAH RELATED
PACKMAN,6347700000,263477000007,0,45.0,THCA PRODUCTS
ICEKREAM CARTS 1GR CART,6348800000,263488000003,4,35.0,THCA PRODUCTS
ZOMO MANGO,8420000161,78416123,2,5.99,HOOKAH RELATED
CLOUD NURDZ 3MG WATERMELON BERRY,1243699649,012436996499,1,18.0,VAPE JUICES
CLOUD NURDZ SALT ICE 25MG GRAPE STRAWBERRY,1243699688,012436996888,1,16.0,VAPE JUICES
NAKED 3MG CREAM STRAWBERRY,2189383869,021893838693,0,18.0,VAPE JUICES
NAKED 0MG CREAM BANANA,2189383849,021893838495,1,18.0,VAPE JUICES
NAKED 3MG FUSION STRAWBERRY,2189383904,021893839041,0,18.0,VAPE JUICES
NAKED SALT 50MG HAWAIIAN POG,2189383964,021893839645,2,15.0,VAPE JUICES
NAKED SALT 50MG REALLY BERRY,2189383993,021893839935,1,15.0,VAPE JUICES
NAKED SALT 35MG MENTHOL MINT,2189384014,021893840146,0,15.0,VAPE JUICES
NAKED SALT 50MG MENTHOL MINT,2189384015,021893840153,1,15.0,VAPE JUICES
NAKED SALT 35MG MENTHOL BERRY,2189384000,021893840009,1,15.0,VAPE JUICES
NAKED SALT 35MG STRAWBERRY POM,2189384018,021893840184,0,15.0,VAPE JUICES
NAKED SALT 35 MG AMERICAN PATRIOTS,2189384022,021893840221,2,15.0,VAPE JUICES
NAKED SALT 35MG CUBAN BLEND,2189384026,021893840269,2,15.0,VAPE JUICES
SWISHER SWEETS 2PK BANANA SMASH,2590022982,025900226824,37,1.5,TOBACCO PRODUCTS
SWISHER SWEETS 2PK GRAPE,2590022734,025900227340,23,1.5,TOBACCO PRODUCTS
SWISHER SWEETS 2PK BLUEBERRY,2590022735,025900227357,21,1.5,TOBACCO PRODUCTS
SWISHER SWEETS 2PK DIAMONDS,2590022983,025900229832,21,1.5,TOBACCO PRODUCTS
SWISHER SWEETS 2PK HONEY BANANA,2590022989,025900229894,2,1.5,TOBACCO PRODUCTS
MARLBORO GOLD PACK KINGS CIGARETTES,2820000384,02838423,9,12.5,TOBACCO PRODUCTS
GAME LEAF WILD BERRY 2,3170005516,031700055168,5,1.49,TOBACCO PRODUCTS
GAME LEAF WHITE RUSSIAN,3170005816,031700058169,10,1.89,TOBACCO PRODUCTS
GAME LEAF WILD BERRY,3170005819,031700058190,9,1.89,TOBACCO PRODUCTS
CALIFORNIA HONEY INDICA ZKITTLEZ,4365221179,043652211790,0,35.0,THCA PRODUCTS
BLAZY SUSAN KING SLIM ROLLING PAPER,5149701161,051497011611,17,2.0,ROLLING PAPERS & CONES
BLAZY SUSAN 1/4 ROLLING PAPER,5149701162,051497011628,37,2.0,ROLLING PAPERS & CONES
BLAZY SUSAN KING 3PK CONE,"5149722170, 1013492027",051497221706,3,4.0,ROLLING PAPERS & CONES
BLAZY SUSAN 50PK TIPS,5149733154,051497331542,11,1.5,ROLLING PAPERS & CONES
INNEVAPE SALT 50MG HEISENBERG MENTHOL,5317636034,053176360348,1,15.0,VAPE JUICES
INNEVAPE SALT 50MG BLGN WAFFLES,5317636037,053176360379,1,15.0,VAPE JUICES
INNEVAPE 6MG HEISENBERG MENTHOL,5317636112,053176361123,0,15.0,VAPE JUICES
HEISENBERG 3MG MENTHOL,5317636111,053176361116,0,15.0,VAPE JUICES
INNEVAPE 3MG HEISENBERG,5317636107,053176361079,0,15.0,VAPE JUICES
INNEVAPE 0MG HEISENBERG THE BERG,5317636400,053176364001,1,18.0,VAPE JUICES
HEISENBERG GREEN 6MG,5317636402,053176364025,2,18.0,VAPE JUICES
INNEVAPE 3MG HEISENBERG BERRY,5317637801,053176378015,0,15.0,VAPE JUICES
INNEVAPE SALT 50MG THE BERG BERRY,5317637804,053176378046,1,16.0,VAPE JUICES
INNEVAPE 3MG HEISENBERG SOUR APPLE,5317637856,053176378565,2,15.0,VAPE JUICES
HEISENBERG 3MG MENTHOL BERRY,5317637818,053176378183,0,15.0,VAPE JUICES
INNEVAPE 6MG HEISENBERG SOUR APPLE,5317637857,053176378572,2,15.0,VAPE JUICES
INNEVAPE SALT 50MG HEISENBERG SOUR APPLE,5317637859,053176378596,0,15.0,VAPE JUICES
INNEVAPE SALT 50MG HEISENBERG SOUR APPLE MENTHOL,5317637864,053176378640,3,15.0,VAPE JUICES
BLACK & MILD ORIGINAL SINGLE PLASTIC TIP,7013710018,070137100188,27,1.5,TOBACCO PRODUCTS
BLACK & MILD ORIGINAL SINGLE WOOD TIP,7013710525,070137105251,16,1.5,TOBACCO PRODUCTS
BLACK & MILD JAZZ SINGLE PLASTIC TIP,7013711121,070137111214,24,1.5,TOBACCO PRODUCTS
BACKWOODS 5PK DARK LEAF,7161020281,071610202818,4,7.0,TOBACCO PRODUCTS
BACKWOODS 5PK BANANA,7161020309,071610203099,6,8.0,TOBACCO PRODUCTS
BACKWOODS 5PK VANILLA,7161020335,071610203358,6,7.0,TOBACCO PRODUCTS
DUTCH 2PK JAVA FUSION,7161020360,071610203600,14,1.5,TOBACCO PRODUCTS
DUTCH 2PK ROYAL HAZE,7161020362,071610203624,0,1.5,TOBACCO PRODUCTS
DUTCH 2PK BLEND SILVER,7161020361,071610203617,44,1.5,TOBACCO PRODUCTS
DUTCH 2PK SWEET FUSION,7161020363,071610203631,3,1.5,TOBACCO PRODUCTS
DUTCH 2PK BERRY FUSION,7161020364,071610203648,44,1.5,TOBACCO PRODUCTS
DUTCH 2PK BLUE DREAM FUSION,7161020365,071610203655,70,1.5,TOBACCO PRODUCTS
DUTCH 2PK HONEY FUSION,7161020366,071610203662,22,1.5,TOBACCO PRODUCTS
DUTCH 2PK OG FUSION,7161020369,071610203693,25,1.5,TOBACCO PRODUCTS
DUTCH 2PK IRISH FUSION,7161020367,071610203679,27,1.5,TOBACCO PRODUCTS
BACKWOODS 5PK CHOCOLATE,7161020422,071610204225,7,8.0,TOBACCO PRODUCTS
BACKWOODS 5PK HONEY,7161030183,071610301832,2,7.0,TOBACCO PRODUCTS
BACKWOODS 5PK HONEY BERRY,7161030186,071610301863,5,7.0,TOBACCO PRODUCTS
BACKWOODS 5PK ORIGINAL,7161030189,071610301894,9,7.0,TOBACCO PRODUCTS
BACKWOODS SINGLE ORIGINAL,7161030195,071610301955,13,2.0,TOBACCO PRODUCTS
BACKWOODS 5PK SWEET AROMATIC,7161030192,071610301924,7,7.0,TOBACCO PRODUCTS
BACKWOODS SINGLE SWEET AROMATIC,7161030198,071610301986,40,2.0,TOBACCO PRODUCTS
BACKWOODS SINGLE HONEY BERRY,7161030203,071610302037,36,2.0,TOBACCO PRODUCTS
BACKWOODS 5PK DARK STOUT,7161030272,071610302723,6,7.0,TOBACCO PRODUCTS
BACKWOODS SINGLE RUSSIAN CREAM,7161030306,071610303065,27,2.0,TOBACCO PRODUCTS
BACKWOODS 5PK RUSSIAN CREAM,7161030279,071610302792,3,7.0,TOBACCO PRODUCTS
DUTCH MASTERS 2PK PALMA,7161049933,071610499331,5,4.0,TOBACCO PRODUCTS
DUTCH MASTERS 3PK PALMA,7161049949,071610499492,22,3.5,TOBACCO PRODUCTS
DUTCH MASTERS 3PK GREEN,7161049953,071610499539,2,3.5,TOBACCO PRODUCTS
OCB BAMBOO 1/4 6PK CONE,7717012242,077170122429,0,3.0,ROLLING PAPERS & CONES
OCB BAMBOO KING 3PK CONE,7717012244,077170122443,8,3.0,ROLLING PAPERS & CONES
OCB BAMBOO MINI 10PK CONE,7717012269,077170122696,0,3.0,ROLLING PAPERS & CONES
JOB 1/4 ROLLING PAPER,7908300005,07908354,19,3.5,ROLLING PAPERS & CONES
OCB SOLAIRE KING SLIM + TIPS ROLLING PAPER,8640000067,08646733,7,4.0,ROLLING PAPERS & CONES
OCB ORGANIC HEMP 1/4 ROLLING PAPER,8640000022,08642232,14,3.5,ROLLING PAPERS & CONES
OCB SOPHISTIQUE 1/4 + TIPS ROLLING PAPER,8640000068,08646830,5,4.0,ROLLING PAPERS & CONES
JOB ORANGE 1/4 ROLLING PAPER,8640000083,08648333,97,1.0,ROLLING PAPERS & CONES
OCB PREMIUM 1/4 + TIPS ROLLING PAPER,8640090324,086400903240,26,4.0,ROLLING PAPERS & CONES
OCB BAMBOO KING SLIM ROLLING PAPER,8640090492,086400904926,11,3.5,ROLLING PAPERS & CONES
OCB PREMIUM KING SLIM + TIPS ROLLING PAPER,8640090326,086400903264,24,3.5,ROLLING PAPERS & CONES
DUD SWEET JELLY HOOKAH TIPS,9112891200,091128912009,8,2.0,HOOKAH RELATED
POD JUICE 0MG JEWEL MINT,0000306136,100003061364,2,18.0,VAPE JUICES
POD JUICE 3MG MANGO STRAWBERRY DRAGONFRUIT,0000306191,100003061913,0,18.0,VAPE JUICES
POD JUICE 6MG RAINBOW FREEZE,0000306221,100003062217,0,18.0,VAPE JUICES
POD JUICE 6MG MANGO STRAWBERRY DRAGONFRUIT,0000306192,100003061920,1,18.0,VAPE JUICES
YOCAN WULF ORBIT CONCENTRATE VAPORIZER KIT,0106100959,101061009596,1,65.0,DEVICES: BATTERIES & MODS
MASTER FUNGI CHOCOLATE BAR,5201557460,152015574608,1,45.0,EDIBLES
GET LOST GALAXY GRINDER,5580301931,155803019312,5,15.0,GRINDERS
42MM GRINDERS,5580399758,155803997580,10,10.0,GRINDERS
SMAKD CART 2GR SATIVA TANGIE,8834522301,288345223012,0,25.0,THCA PRODUCTS
SMAKD CART 2GR INDICA BLACK CHERRY OG,8834522304,288345223043,5,25.0,THCA PRODUCTS
SMAKD CART 2GR SATIVA HAWAIIAN PUNCH,8834522306,288345223067,3,25.0,THCA PRODUCTS
SMAKD CART 2GR HYBRID LAVA CAKE,8834522311,288345223111,0,25.0,THCA PRODUCTS
BB PEN 3GR THCA SATIVA STRAWBERRY COUGH,9823228125,598232281255,0,35.0,THCA PRODUCTS
BB PEN 3GR THCA  HYBRID PINK BURST,9823228126,598232281262,0,35.0,THCA PRODUCTS
BB PEN 3GR THCA INDICA PURPLE PANTY DROPPER,9823228127,598232281279,0,35.0,THCA PRODUCTS
COASTAL CLOUDS 6MG MANGO BERRIES,0017605290,600176052904,1,16.0,VAPE JUICES
JUICE HEAD 50MG MANGO STRAWBERRY,0060952923,600609529232,0,16.0,VAPE JUICES
AQUA 6MG OASIS,0175420423,601754204234,3,12.0,VAPE JUICES
AQUA 6MG FLOW,0175420431,601754204319,1,12.0,VAPE JUICES
ZYN 6MG COOL MINT,0924990003,609249900036,2,9.99,TOBACCO PRODUCTS
ZYN 6MG PEPPERMINT,0924990103,609249901033,2,9.99,TOBACCO PRODUCTS
ZYN 3MG CITRUS,0924990701,609249907011,0,9.99,TOBACCO PRODUCTS
ZYN 6MG CITRUS,0924990702,609249907028,0,9.99,TOBACCO PRODUCTS
ZYN 6MG SMOOTH,0924991402,609249914026,1,9.99,TOBACCO PRODUCTS
ZYN 6MG CHILL,0924992022,609249920225,3,9.99,TOBACCO PRODUCTS
PULSE THC DISPOSABLE HYBRID GRANNY APPLE 5GR,1499811294,614998112944,0,25.0,THCA PRODUCTS
PULSE THC DISPOSABLE INDICA BLUE DREAM 5GR,1499811295,614998112951,0,42.0,THCA PRODUCTS
PULSE THC DISPOSABLE SATIVA STRAWBERRY BANANA WHIP 5GR,1499811358,614998113583,0,42.0,THCA PRODUCTS
LOOSELEAF NATURAL DARK LEAF,1666396499,616663964995,5,12.0,TOBACCO PRODUCTS
TRUE 2PK BANANA HEMP WRAP,1968299901,619682999016,7,3.0,ROLLING PAPERS & CONES
GG GOLD GRABBA,4421610691,644216106912,10,3.0,TOBACCO PRODUCTS
NATURAL LEAF GG WOODS WILD BERRY,4421614686,644216146864,2,1.0,TOBACCO PRODUCTS
NATURAL LEAF GG RASTA GRABBA,4421614926,644216149261,22,3.0,TOBACCO PRODUCTS
CANDY KING 35 MG BLUE RAZZ,4421624019,644216240197,1,13.99,VAPE JUICES
CANDY KING 50MG STRAWBERRY WATERMELON BUBBLEGUM,4421624109,644216241095,0,13.99,VAPE JUICES
CANDY KING SALT 50MG GRAPE,4421624049,644216240494,1,16.0,VAPE JUICES
CANDY KING SALT 35MG TROPIC,4421624119,644216241194,2,13.99,VAPE JUICES
CANDY KING SALT ICE 50MG STRAWBERRY WATERMELON BUBBLEGUM,4421682827,644216828272,3,13.99,VAPE JUICES
CANDY KING 3MG HARD APPLE,4421690922,644216909223,0,18.0,VAPE JUICES
CANDY KING 6MG HARD APPLE,4421690932,644216909322,1,18.0,VAPE JUICES
CANDY KING SALT 50MG HARD APPLE,4421690982,644216909827,2,16.0,VAPE JUICES
BLUNT WRAP PLATINUM 2PK GRAPE,4453622611,644536226116,0,1.5,TOBACCO PRODUCTS
BLUNT WRAP PLATINUM 2PK BLUEBERRY BURST,4453622621,644536226215,5,1.5,TOBACCO PRODUCTS
BLUNT WRAP PLATINUM 2PK ZERO,4453622781,644536227816,11,1.5,TOBACCO PRODUCTS
FRIENDLY HIGH TOLERANCE 40MG SINGLE BLUE RASPBERRY,4735118014,647351180144,0,5.0,EDIBLES
BIG CHEAP BOTTLE 6MG BCB LEMON,4996463481,649964634816,2,12.0,VAPE JUICES
COUNTRY CLOUDS 0MG CORN BREAD PUDDIN,5214373758,652143737581,2,10.0,VAPE JUICES
COUNTRY CLOUDS 3MG CORN BREAD PUDDIN,5214373759,652143737598,1,10.0,VAPE JUICES
CANDY KING 3MG STRAWBERRY WATERMELON BUBBLEGUM,5334119706,653341197061,0,18.0,VAPE JUICES
CANDY KING 6MG STRAWBERRY WATERMELON BUBBLEGUM,5334119716,653341197160,1,18.0,VAPE JUICES
CANDY KING 0MG BATCH,5334119726,653341197269,1,18.0,VAPE JUICES
CANDY KING 3MG ICE STRAWBERRY WATERMELON BUBBLEGUM,5334135279,653341352798,2,18.0,VAPE JUICES
CANDY KING 3MG PEACHY RINGS,5334135399,653341353993,0,18.0,VAPE JUICES
CANDY KING 6MG PEACHY RINGS,5334135409,653341354099,1,18.0,VAPE JUICES
LOOSELEAF MINIS RESERVE,5823873495,658238734954,2,10.99,TOBACCO PRODUCTS
LOOSELEAF STRAWBERRY CRUSH,5823873483,658238734831,0,5.0,TOBACCO PRODUCTS
SMAKD GUMMIES 500MG BERRY BLAST 2PK,6549834486,665498344861,22,6.0,EDIBLES
MAGIC DOZE 5000MG BLUE ICE 10PK,7189146717,671891467175,1,42.99,EDIBLES
MAGIC DOZE 5000MG ORANGE CREAM 10PK,7189146718,671891467182,1,42.99,EDIBLES
FRUIT MONSTER 6MG ICE DOUBLE MANGO,7516230398,675162303988,2,18.0,VAPE JUICES
ELYXR 1000MG 10PK CHOCOLATE BITES *SALE *,7652552847,676525528475,3,10.0,EDIBLES
MINTS 6MG PEPPERMINT,7952396528,679523965280,1,20.0,VAPE JUICES
FIRE HEMP KING SLIM ROLLING PAPER,8075087677,680750876775,15,2.0,ROLLING PAPERS & CONES
STARLIGHT CHARCOAL LEMON,8396490049,683964900496,13,3.0,HOOKAH RELATED
STARLIGHT CHARCOAL MINT,8396490050,683964900502,10,3.0,HOOKAH RELATED
COASTAL CLOUDS 6MG MIXED BERRIES,8441799016,684417990163,1,16.0,VAPE JUICES
HIDDEN HILLS MINI PRE ROLLS HYBRID PEACH,8545771805,685457718052,0,6.0,THCA PRODUCTS
HIDDEN HILLS SATIVA RAINBOW WOWIE,8545782370,685457823701,0,6.0,THCA PRODUCTS
FIRE FLAVAS 2PK MANGO HEMP WRAP,8645705424,686457054249,7,1.0,ROLLING PAPERS & CONES
HIDDEN HILLS MINI PRE ROLLS INDICA STRAWBERRY,8545788214,685457882142,0,6.0,THCA PRODUCTS
FIRE FLAVAS 2PK WET CHERRY HEMP WRAP,8645705426,686457054263,8,1.0,ROLLING PAPERS & CONES
FIRE FLAVAS 2PK  APPLE MARTINI HEMP WRAP,8645705425,686457054256,16,1.0,ROLLING PAPERS & CONES
FIRE FLAVAS 2PK PINA COLADA HEMP WRAP,8645705428,686457054287,10,1.0,ROLLING PAPERS & CONES
FIRE FLAVAS 2PK ISLAND VANILLA HEMP WRAP,8645705429,686457054294,13,1.0,ROLLING PAPERS & CONES
FIRE FLAVAS 2PK BANANA CREAM HEMP WRAP,8705186916,687051869161,12,1.0,ROLLING PAPERS & CONES
FIRE FLAVAS 2PK HONEY HEMP WRAP,8705186924,687051869246,13,1.0,ROLLING PAPERS & CONES
FIRE FLAVAS 2PK RUSSIAN CREAM HEMP WRAP,8705186925,687051869253,13,1.0,ROLLING PAPERS & CONES
FIREWOODS 2PK TROPICAL MANGO CONE,8813066189,688130661898,8,2.1,ROLLING PAPERS & CONES
FIREWOODS 2PK BLUEBERRY MIST CONE,8813066192,688130661928,11,2.1,ROLLING PAPERS & CONES
FIREWOODS 2PK COGNAC CONE,8813066193,688130661935,10,2.1,ROLLING PAPERS & CONES
WICKED SHROOMZ- TRIPLE BERRY BONANZA GUMMIES 500MG,8990833960,689908339605,0,24.0,EDIBLES
WONDERLAND CHERRY NIRVANA,"9983856842, 9983856843",699838568433,0,32.0,EDIBLES
TREE O FIVE KING SLIM ROLLING PAPER,0336483894,703364838943,23,3.0,ROLLING PAPERS & CONES
TREE O FIVE 1/4 ROLLING PAPER,0336483900,703364839001,19,3.0,ROLLING PAPERS & CONES
TREE O FIVE KING 6PK CONE,0336483908,703364839087,24,2.0,ROLLING PAPERS & CONES
TREE O FIVE KING SLIM + TIPS ROLLING PAPER,0336483910,703364839100,8,4.0,ROLLING PAPERS & CONES
CLOUD NURDZ 6MG PINK GUAVA PASSION,0433560592,704335605922,0,18.0,VAPE JUICES
CLOUD NURDZ 3MG PINK GUAVA PASSION,0433560591,704335605915,0,18.0,VAPE JUICES
CLOUD NURDZ SALT 50MG GUAVA PASSIONFRUIT,0433564494,704335644945,2,15.0,VAPE JUICES
CLOUD NURDZ SALT STRAWBERRY KIWI,0433564498,704335644983,1,15.0,VAPE JUICES
BANANA BUTT 0MG LEFT CHEEK,0475183003,0704751830038,1,10.0,VAPE JUICES
305'S PURPLE FULL FLAVOR 100'S CIGARETTES,0921520210,709215202109,0,6.0,TOBACCO PRODUCTS
305'S BLUE KINGS CIGARETTES,0921530212,709215302120,0,6.0,TOBACCO PRODUCTS
305'S BLUE 100'S CIGARETTES,0921530214,709215302144,2,6.0,TOBACCO PRODUCTS
305'S MENTHOL KINGS CIGARETTES,0921540188,709215401885,0,6.0,TOBACCO PRODUCTS
FRUIT MONSTER 0MG ICE MIXED BERRY,1002278873,710022788731,2,18.0,VAPE JUICES
FRUIT MONSTER 3MG ICE MIXED BERRY,1002278874,710022788748,4,18.0,VAPE JUICES
FRUIT MONSTER 6MG ICE MIXED BERRY,1002278875,710022788755,3,18.0,VAPE JUICES
FRUIT MONSTER 24MG ICE MIXED BERRY,1002278876,710022788762,3,16.0,VAPE JUICES
FRUIT MONSTER 3MG ICE STRAWBERRY BANANA,1002278884,710022788847,3,18.0,VAPE JUICES
FRUIT MONSTER 6MG ICE STRAWBERRY BANANA,1002278885,710022788854,3,18.0,VAPE JUICES
FRUIT MONSTER 48MG ICE STRAWBERRY BANANA,1002278887,710022788878,3,16.0,VAPE JUICES
FRUIT MONSTER 24MG PASSIONFRUIT ORANGE GUAVA,1002278891,710022788915,3,16.0,VAPE JUICES
FRUIT MONSTER 48MG ICE PASSIONFRUIT ORANGE GUAVA,1002278892,710022788922,1,16.0,VAPE JUICES
FRUIT MONSTER 3MG MANGO PEACH GUAVA,1002278914,710022789141,0,18.0,VAPE JUICES
FRUIT MONSTER 6MG MANGO PEACH GUAVA,1002278915,710022789158,3,18.0,VAPE JUICES
FRUIT MONSTER 24MG MANGO PEACH GUAVA,1002278916,710022789165,4,16.0,VAPE JUICES
FRUIT MONSTER 3MG MIXED BERRY,1002278919,710022789196,2,18.0,VAPE JUICES
FRUIT MONSTER 6MG MIXED BERRY,1002278920,710022789202,2,18.0,VAPE JUICES
FRUIT MONSTER 3MG STRAWBERRY BANANA,1002278924,710022789240,3,18.0,VAPE JUICES
FRUIT MONSTER 6MG STRAWBERRY BANANA,1002278925,710022789257,2,18.0,VAPE JUICES
FRUIT MONSTER 48MG STRAWBERRY BANANA,1002278927,710022789271,4,16.0,VAPE JUICES
FRUIT MONSTER 3MG PASSIONFRUIT ORANGE GUAVA,1002278929,710022789295,2,18.0,VAPE JUICES
FRUIT MONSTER 24MG STRAWBERRY LIME,1002278941,710022789417,1,16.0,VAPE JUICES
RAW HEMP PLASTIC 79MM ROLLER,1616515278,716165152781,8,5.0,ROLLING PAPERS & CONES
RAW PREROLLED PERFECTO TIP BOX,1616515749,716165157496,0,14.99,ROLLING PAPERS & CONES
RAW HEMP PLASTIC 110MM ROLLER,1616515280,716165152804,1,5.0,ROLLING PAPERS & CONES
TRIP2 1/4 ROLLING PAPER,1616517200,716165172000,16,3.0,ROLLING PAPERS & CONES
TRIP2 KING ROLLING PAPER,1616517202,716165172024,6,3.5,ROLLING PAPERS & CONES
RAW ORGANIC HEMP 1/4 ROLLING PAPER,1616517417,716165174172,9,2.0,ROLLING PAPERS & CONES
RAW ORGANIC HEMP KING SLIM ROLLING PAPER,1616517421,716165174219,0,3.0,ROLLING PAPERS & CONES
RAW CONE 3PK CLASSIC KING,1616517457,716165174578,19,4.0,ROLLING PAPERS & CONES
RAW CONE 6PK CLASSIC 1/4,1616517711,716165177111,25,3.0,ROLLING PAPERS & CONES
RAW PAPER CLASSIC ROLLING PAPER 1/4,1616517731,716165177319,5,2.0,ROLLING PAPERS & CONES
RAW ORIGINAL TIPS,1616517739,716165177395,28,1.0,ROLLING PAPERS & CONES
RAW PAPER CLASSIC KING SLIM,1616517735,716165177357,49,3.0,ROLLING PAPERS & CONES
ELEMENTS ULTRA THIN RICE KING ROLLING PAPER,1616517781,716165177814,6,3.0,ROLLING PAPERS & CONES
JUICY JAY'S BANANA 1/4 ROLLING PAPER,1616517858,716165178583,21,2.5,ROLLING PAPERS & CONES
JUICY JAY'S STRAWBERRY 1/4 ROLLING PAPER,1616517936,716165179368,17,2.5,ROLLING PAPERS & CONES
RAW PERFECTO CONE 32PK TIPS,1616517991,716165179917,31,2.0,ROLLING PAPERS & CONES
JUICY JAY'S PINEAPPLE 1/4 ROLLING PAPER,1616520075,716165200758,7,2.5,ROLLING PAPERS & CONES
RAW CONE 1PK CLASSIC EMPERADOR,1616520240,716165202400,12,3.0,ROLLING PAPERS & CONES
RAW LOADER,1616528006,716165280064,1,15.0,ROLLING PAPERS & CONES
RAW 100PK TIN TIPS,1616528069,716165280699,5,9.0,ROLLING PAPERS & CONES
RAW HEMP 20FT WICK,1616528053,716165280538,13,3.75,ROLLING PAPERS & CONES
RAW PAPER CLASSIC SINGLE WIDE CUT CORNERS 1/4,1616528090,716165280903,12,2.0,ROLLING PAPERS & CONES
RAW PAPER CLASSIC BLACK 1/4,1616528096,716165280965,18,2.0,ROLLING PAPERS & CONES
RAW PAPER CLASSIC BLACK KING SLIM,1616528097,716165280972,21,2.5,ROLLING PAPERS & CONES
CYCLONES HEMP CONE 2PK STRAWBERRY,1616528137,716165281375,3,2.0,ROLLING PAPERS & CONES
RAW CLASSIC MASTERPIECE KING SIZE SLIM + PREROLLED TIPS ROLLING PAPER,1616528173,716165281733,27,4.0,ROLLING PAPERS & CONES
RAW CONE 1/4 SIX SHOOTER,1616528677,716165286776,1,50.0,ROLLING PAPERS & CONES
RAW CONE 3PK CLASSIC BLACK KING,1616528992,716165289920,24,4.0,ROLLING PAPERS & CONES
RAW CONE 20PK CLASSIC 1/4,1616529682,716165296829,3,10.0,ROLLING PAPERS & CONES
RAW CONE 20PK CLASSIC KING,1616529683,716165296836,18,12.99,ROLLING PAPERS & CONES
RAW PRESSED BUD WRAPS,1616529799,716165297994,0,5.99,ROLLING PAPERS & CONES
RAW CONE 20PK CLASSIC BLACK KING,1616529730,716165297307,9,12.99,ROLLING PAPERS & CONES
RAW BOARDING PASS,1616529809,716165298090,7,1.0,ROLLING PAPERS & CONES
RAW PRE-ROLLED 21PK BOX TIPS,"1616517948, 1616529997",716165179481,10,3.0,ROLLING PAPERS & CONES
RAW PAPER CLASSIC ETHEREAL 1/4,1616530386,716165303862,7,4.0,ROLLING PAPERS & CONES
HIGH HEMP 2PK MAUIMANGO HEMP WRAP,1949900506,719499005068,2,2.0,ROLLING PAPERS & CONES
HIGH HEMP 2PK PINEAPPLE HEMP WRAP,1949900533,719499005334,0,2.0,ROLLING PAPERS & CONES
HIGH HEMP 2PK HONEY POTSWIRL HEMP WRAP,1949900510,719499005105,12,2.0,ROLLING PAPERS & CONES
HIGH HEMP 2PK BANANAGOO HEMP WRAP,1949900536,719499005365,11,2.0,ROLLING PAPERS & CONES
SVRF 48MG COCONUT CREAM,2423535006,724235350067,1,12.99,VAPE JUICES
FAIR GROUND 48MG DEEP FRIED CREAM CAKE,2423534905,724235349054,1,12.99,VAPE JUICES
NAKED SALT 50MG ICE PINEAPPLE LEMON LIME,2437638854,724376388547,2,15.0,VAPE JUICES
MINTS 3MG PEPPERMINT,2920526697,729205266973,0,20.0,VAPE JUICES
LOOSELEAF RUSSIAN CREAM,4297884628,742978846289,0,12.0,TOBACCO PRODUCTS
LOOSELEAF WATERMELON DREAM,4297884624,742978846241,3,12.0,TOBACCO PRODUCTS
BIG HIGH 2G INDICA SLURRICANE,4987614526,749876145261,0,29.99,THCA PRODUCTS
BIG HIGH 2G MANGO TANGO,4987614528,749876145285,0,29.99,THCA PRODUCTS
LE ORANGE CHARCOAL LOTUS HEAD,5332177815,753321778157,0,19.99,HOOKAH RELATED
LE ORANGE 25MM 1KILO CHARCOAL,5332177816,753321778164,1,19.99,HOOKAH RELATED
SUPR 6MG STRAWBERRY NY CHEESECAKE,6124511540,761245115408,0,12.0,VAPE JUICES
CLOUD NURDZ 3MG ICED APPLE WATERMELON,6506667145,765066671457,1,18.0,VAPE JUICES
CLOUD NURDZ 3MG ICED MELON KIWI,6506667148,765066671488,1,18.0,VAPE JUICES
CLOUD NURDZ 6MG ICED MELON KIWI,6506667149,765066671495,0,18.0,VAPE JUICES
CLOUD NURDZ 3MG BLUE RASPBERRY PEACH,6506667154,765066671549,1,18.0,VAPE JUICES
CLOUD NURDZ 6MG BLUE RASPBERRY PEACH,6506667155,765066671556,2,18.0,VAPE JUICES
CLOUD NURDZ 3MG MELON KIWI,6506667157,765066671570,0,18.0,VAPE JUICES
CLOUD NURDZ 3MG APPLE GRAPE,6506667160,765066671600,1,18.0,VAPE JUICES
CLOUD NURDZ 6MG APPLE GRAPE,6506667161,765066671617,2,18.0,VAPE JUICES
SILICONE METAL HOOKAH BOWL BLUW,6957769858,769577698583,1,12.0,HOOKAH RELATED
CLOUD NURDZ 3MG APPLE WATERMELON,6506667166,765066671662,1,18.0,VAPE JUICES
SILICONE METAL HOOKAH BOWL RED,6957769860,769577698606,1,12.0,HOOKAH RELATED
VIVA THCA HYBRID BLUE GELATO,7843509893,778435098939,0,30.0,THCA PRODUCTS
SAD BOY SALT 48MG KEYLIME,8004289306,780042893067,1,15.0,VAPE JUICES
FUME POUCHES 6MG COFFEE,8200332577,782003325778,1,7.75,TOBACCO PRODUCTS
DAZE FUSION 3MG RASPBERRY GREEN APPLE WATERMELON,8397020341,783970203410,0,20.0,VAPE JUICES
DAZE FUSION 3MG STRAWBERRY BANANA APPLE,8397020347,783970203472,0,20.0,VAPE JUICES
LOCO BUDZ GUMMIES 300MG SINGLE CHERRY,8592734937,785927349370,0,4.0,EDIBLES
RUZE 3MG DEVIL'S DELIGHT CREAMY MEDIUM-BODIED STRAWBERRY CREAM,8557179853,785571798531,1,16.0,VAPE JUICES
CANDY KING SALT 50MG WATERMELON WEDGES,8779043021,787790430216,2,13.99,VAPE JUICES
MIAMI ICE SUGAR CANE 'SALE',9168915232,791689152325,1,4.0,NICOTINE VAPES
CANDY KING SALT 35MG MINT,9388893157,793888931572,5,13.99,VAPE JUICES
HOT GRABBA CHIPZ,9477590356,794775903566,19,3.5,TOBACCO PRODUCTS
HABIT 100MG SHOTS STRAWBERRY LEMONADE,9496904674,794969046741,1,15.99,EDIBLES
KREAM 5GR HYBRID ITZA CHERRY POP,9584724963,795847249636,0,39.99,THCA PRODUCTS
KREAM 5GR SATIVA MELON WALL,9584724961,795847249612,0,39.99,THCA PRODUCTS
KREAM 5GR INDICA BANANA KING,9584724966,795847249667,0,39.99,THCA PRODUCTS
KREAM 5GR INDICA EMPEROR COOKIE,9584724965,795847249650,0,39.99,THCA PRODUCTS
FLAWLSS STRAWBERRY BANANA 'SALE',0391500165,803915001656,0,10.0,NICOTINE VAPES
FLAWLSS STRAWBERRY WATERMELON 'SALE',0391500166,803915001663,0,10.0,NICOTINE VAPES
FLAWLSS WATERMELON MINT 'SALE',0391500170,803915001700,0,10.0,NICOTINE VAPES
FLAWLSS BLUEBERRY MINT 'SALE',0391500167,803915001670,5,10.0,NICOTINE VAPES
HUMBLE 3MG BLUE DAZZLE,1000461257,810004612570,2,18.0,VAPE JUICES
HUMBLE 6MG PEACH PLEASURE,1000461393,810004613935,1,18.0,VAPE JUICES
HUMBLE 3MG PEACH PLEASURE,1000461394,810004613942,0,18.0,VAPE JUICES
CANNAAID NIGHT TIME GUMMY 120MG 4PK BERRY,1006962463,810069624631,15,10.0,EDIBLES
SKY WALKER CONES,1008961634,810089616340,0,2.5,ROLLING PAPERS & CONES
3CHI GUMMIES 20MG 2PK WATERMELON,1009926121,810099261219,16,5.99,EDIBLES
3CHI GUMMIES 20MG 2PK ORANGE DREAMSICLE,1009926160,810099261608,0,5.99,EDIBLES
PACHA SYN 3MG PEACH PAPAYA COCONUT,1010043027,810100430276,0,16.0,VAPE JUICES
PACHA SYN 6MG PEACH PAPAYA COCONUT,1010043028,810100430283,1,16.0,VAPE JUICES
VYBE STRAWBERRY MILKSHAKE 'SALE',1011442289,810114422892,1,5.0,NICOTINE VAPES
GEEKBAR WATERMELON ICE,"1012543454, 7616999935",810125434549,0,30.0,NICOTINE VAPES
GEEKBAR JUICY PEACH ICE,1012543462,810125434624,2,30.0,NICOTINE VAPES
GEEKBAR SOUR APPLE ICE,"1012543466, 7690887204",810125434662,0,30.0,NICOTINE VAPES
GEEKBAR FCUKING FAB,"1012543474, 1016428387",810164283870,0,30.0,NICOTINE VAPES
GEEKBAR STRAWBERRY BANANA,1012543478,810125434785,0,30.0,NICOTINE VAPES
GEEKBAR MIAMI MINT,1012543594,810125435942,0,30.0,NICOTINE VAPES
GEEKBAR BLUE RAZZ ICE,1012543592,810125435928,1,30.0,NICOTINE VAPES
GEEKBAR BLUE MINT,1012543673,810125436734,0,30.0,NICOTINE VAPES
GEEKBAR BLACK CHERRY,1012543675,810125436758,5,30.0,NICOTINE VAPES
GEEKBAR SOUR APPLE B-POP,1012543693,810125436932,0,30.0,NICOTINE VAPES
GEEKBAR GRAPE LEMON,1012543697,810125436970,0,30.0,NICOTINE VAPES
GEEKBAR BERRY BLISS,1012543699,810125436994,3,30.0,NICOTINE VAPES
GEEKBAR FROZEN PINA COLADA,1012543910,810125439100,0,30.0,NICOTINE VAPES
BLAZY SUSAN 2PK ROSE WRAPS,1013492177,810134921771,7,2.5,ROLLING PAPERS & CONES
BLAZY SUSAN SHORTYS 53MM 12PK CONE,1013492029,810134920293,21,4.0,ROLLING PAPERS & CONES
BLAZY SUSAN 1/4 6PK CONE,"1013492050, 1013492023",810134920507,24,3.5,ROLLING PAPERS & CONES
TRE HOUSE MAGIC MUSHROOM GUMMIES WATERMELON WONDER,1013537015,810135370158,0,26.99,EDIBLES
TORCH DIAMONDS CART 3.5GR HYBRID LEMON CHERRY GELATO,1014247322,810142473224,0,35.99,THCA PRODUCTS
GEEKBAR SOUR STRAWBERRY,1016428086,810164280862,0,30.0,NICOTINE VAPES
AIR FACTORY 36MG BOLD TOBACCO,1042903836,810429038368,2,16.0,VAPE JUICES
VIBES HEMP 1/4 ROLLING PAPER,1472502451,814725024513,17,2.8,ROLLING PAPERS & CONES
VIBES ULTRA THIN 1/4 ROLLING PAPER,1472502453,814725024537,28,2.8,ROLLING PAPERS & CONES
PACHA MAMA 3MG BLOOD ORANGE BANANA GOOSEBERRY,1482602509,814826025099,1,16.0,VAPE JUICES
PACHA MAMA 6MG BLOOD ORANGE BANANA GOOSEBERRY,1482602510,814826025105,0,16.0,VAPE JUICES
MARLEY NATURAL WOOD GRINDER,1519802055,815198020552,1,70.0,GRINDERS
ANAXY GRINDER,1597002014,815970020145,1,25.99,GRINDERS
VGOD GOLD PRO DRIP RDA KIT,1836802632,818368026323,1,25.0,DEVICES: BATTERIES & MODS
STINGER DETOX WATERMELON,1813684055,818136840557,0,29.99,VAPE JUICES
VGOD SALT 25MG CUBANO,1836802385,818368023858,0,15.99,VAPE JUICES
VGOD PRO DRIP RDA COPPER KIT,1836802633,818368026330,2,25.0,DEVICES: BATTERIES & MODS
VGOD ELITE RDA BLACK KIT,1836802634,818368026347,1,40.0,DEVICES: BATTERIES & MODS
VGOD ELITE SERIES COPPER MOD,1836802660,818368026606,1,55.0,DEVICES: BATTERIES & MODS
BEARD 3MG NO.99 LEM-RAZZ COOKIE,1844002969,818440029693,2,15.0,VAPE JUICES
TYSON THE TOAD BLUNT WRAP,1950002561,819500025617,9,4.99,ROLLING PAPERS & CONES
NAKED 0MG HAWAIIAN POG,4009460012,840094600126,1,18.0,VAPE JUICES
NAKED 3MG HAWAIIAN POG,4009460013,840094600133,0,18.0,VAPE JUICES
NAKED 6MG HAWAIIAN POG,4009460014,840094600140,1,18.0,VAPE JUICES
NAKED 12MG HAWAIIAN POG,4009460015,840094600157,1,18.0,VAPE JUICES
NAKED 0MG REALLY BERRY,4009460028,840094600287,2,18.0,VAPE JUICES
NAKED 3MG REALLY BERRY,4009460029,840094600294,2,18.0,VAPE JUICES
NAKED 6MG REALLY BERRY,4009460030,840094600300,2,18.0,VAPE JUICES
NAKED 6MG MENTHOL STRAWBERRY POM,4009460038,840094600386,1,18.0,VAPE JUICES
NAKED 3MG MENTHOL STRAWBERRY POM,4009460037,840094600379,0,18.0,VAPE JUICES
NAKED 12MG MENTHOL STRAWBERRY POM,4009460039,840094600393,0,18.0,VAPE JUICES
NAKED 6MG MENTHOL BERRY,4009460054,840094600546,0,18.0,VAPE JUICES
NAKED 0MG TOBACCO AMERICAN PATIOTS,4009460092,840094600928,1,18.0,VAPE JUICES
NAKED 3MG TOBACCO AMERICAN PATRIOTS,4009460093,840094600935,2,18.0,VAPE JUICES
NAKED 6MG TOBACCO AMERICAN PATRIOTS,4009460094,840094600942,0,18.0,VAPE JUICES
NAKED 3MG TOBACCO CUBAN BLEND,4009460099,840094600997,2,18.0,VAPE JUICES
NAKED 6MG TOBACCO CUBAN BLEND,4009460100,840094601000,0,18.0,VAPE JUICES
NAKED 12MG CUBAN BLEND,4009460101,840094601017,2,18.0,VAPE JUICES
NAKED 0MG TOBACCO EURO GOLD,4009460102,840094601024,1,18.0,VAPE JUICES
NAKED 3MG TOBACCO EURO GOLD,4009460103,840094601031,1,18.0,VAPE JUICES
NAKED 0MG MENTHOL CRISP MENTHOL,4009460150,840094601505,2,18.0,VAPE JUICES
NAKED 3MG MENTHOL CRISP MENTHOL,4009460151,840094601512,4,18.0,VAPE JUICES
NAKED SALT 35MG HAWAIIAN POG,4009460275,840094602755,1,15.0,VAPE JUICES
NAKED 6MG MENTHOL CRISP MENTHOL,4009460152,840094601529,3,18.0,VAPE JUICES
NAKED SALT MAX 50MG ICE BERRIES,4009462426,840094624269,2,15.0,VAPE JUICES
VIBES HEMP CUBANO 1PK CONE,4012440228,840124402287,12,2.1,ROLLING PAPERS & CONES
SUORIN AIR PRO KIT RAINBOW,4014183015,840141830155,1,35.99,DEVICES: BATTERIES & MODS
PULSAR MINI,4025080381,840250803811,6,12.0,DEVICES: BATTERIES & MODS
PULSAR 510 DL3.0 - BLACK,4025080690,840250806904,0,36.0,DEVICES: BATTERIES & MODS
STIIIZY STARTER KIT,4292210824,842922108248,2,45.0,DEVICES: BATTERIES & MODS
PULSAR 510 DL3.0 - CORAL,4025080693,840250806935,1,36.0,DEVICES: BATTERIES & MODS
VUSE ALL IN ONE KIT GOLDEN TOBACCO,4920502999,849205029993,4,19.99,DEVICES: BATTERIES & MODS
PULSAR 510DL PIPE - BILLIARDS,4025080838,840250808380,1,40.0,DEVICES: BATTERIES & MODS
BYO LUXURY BOWL,4814601876,848146018769,1,12.99,HOOKAH RELATED
FANTASIA DIRTY BLONDE,4952300975,849523009752,5,5.99,HOOKAH RELATED
FANTASIA PEACH ICE,4952303145,849523031456,5,5.99,HOOKAH RELATED
UGLY HOUSE GRINDER,5000879994,850008799945,2,16.0,GRINDERS
KING PALM WATERMELON WAVE MINI 2PK CONE,5001898704,850018987042,0,3.5,ROLLING PAPERS & CONES
KING PALM BANANA CREAM MINI 2PK CONE,5001898705,850018987059,5,3.5,ROLLING PAPERS & CONES
BATON 50MG SOUTHERN LEAF,5002157209,850021572099,1,10.0,VAPE JUICES
BATON 50MG ICE BANANA MILK,5002157219,850021572198,1,10.0,VAPE JUICES
BATON 50MG LUSH LYCHEE,5002157217,850021572174,0,10.0,VAPE JUICES
MINI HERB SAVER GRINDER,5002303701,850023037015,2,10.0,GRINDERS
HS GRINDER,5002303702,850023037022,4,8.0,GRINDERS
JOLLY MINI 50MG 2PK STRAWBERRY WATERMELON,5003913421,850039134210,0,7.0,EDIBLES
HONEYSTICK BATTERY BLUE,5005195194,850051951949,0,25.0,DEVICES: BATTERIES & MODS
COOKIES INDICA,5005823029,850058230290,30,10.0,THCA PRODUCTS
BOB MARLEY PURE HEMP 1/4 ROLLING PAPER,5073000012,850730000128,30,2.0,ROLLING PAPERS & CONES
BOB MARLEY PURE HEMP XL ROLLING PAPER,5073000029,850730000296,29,3.0,ROLLING PAPERS & CONES
HUMBLE 3MG BERRY BLOW DOE,5088300701,850883007012,0,18.0,VAPE JUICES
HUMBLE 6MG ICE V.T.R.,5088300799,850883007999,1,18.0,VAPE JUICES
HUMBLE 6MG BERRY BLOW DOE,5088300702,850883007029,1,18.0,VAPE JUICES
HUMBLE 3MG SMASH MOUTH,5088300707,850883007074,0,18.0,VAPE JUICES
HUMBLE 3MG DONKEY KAHN,5088300719,850883007197,0,18.0,VAPE JUICES
HUMBLE 3MG ICE OH-ANA ICE,5188400850,851884008503,0,18.0,VAPE JUICES
DIP DEVICES EVRI STARTER PACK,5422900738,854229007384,1,65.0,DEVICES: BATTERIES & MODS
KING PALM BERRY TERPS MINI 2PK CONE,5402900873,854029008734,3,3.5,ROLLING PAPERS & CONES
LITTLE DIPPER BLACK,5422900744,854229007445,0,35.0,DEVICES: BATTERIES & MODS
DIP DEVICES LITTLE DIPPER BLUE,5422900746,854229007469,0,35.0,DEVICES: BATTERIES & MODS
GRABBA LEAF SMALL,5590600700,855906007000,21,3.0,TOBACCO PRODUCTS
GRABBA LEAF WHOLE LEAF,5590600702,855906007024,12,6.0,TOBACCO PRODUCTS
BEARD 0MG NO.71 SWEET & SOUR SUGAR PEACH,5909900644,859099006444,1,15.0,VAPE JUICES
BEARD 3MG NO.71 SWEET & SOUR SUGAR PEACH,5909900645,859099006451,2,15.0,VAPE JUICES
BEARD 0MG NO.24 SALTED CARAMEL MALT,5909900647,859099006475,1,15.0,VAPE JUICES
BEARD 3MG NO.24 SALTED CARAMEL MALT,5909900648,859099006482,1,15.0,VAPE JUICES
BEARD 0MG NO.42,5912800670,859128006704,1,15.0,VAPE JUICES
BEARD 3MG NO.42,5912800671,859128006711,1,15.0,VAPE JUICES
WHITE BOYS HEMP BLEND KING ROLLING PAPER,5981300701,859813007016,1,3.5,ROLLING PAPERS & CONES
WHITE BOYS HEMP BLEND 1/4 + TIPS ROLLING PAPER,5981300707,859813007078,11,4.0,ROLLING PAPERS & CONES
SHOCKWAVES GUMMIES 500MG SINGLE BELT MYSTERY,6000384337,860003843376,0,8.0,EDIBLES
SMAKD CART 2GR INDICA BLUE ZKITTLEZ,7634565550,876345655508,0,26.0,THCA PRODUCTS
THE GOOD STUFF TOBACCO,9413500127,894135001274,1,25.0,TOBACCO PRODUCTS
SHROOMZ GUMMIES PINEAPPLE MANGO SATIVA 1000MG,7744346621,977443466215,0,7.5,EDIBLES
SHROOMZ GUMMIES 1000MG MIXED BERRIES HYBRID 2PK,7744346624,977443466246,2,7.5,EDIBLES
VAPE MAKER 0MG COLA PUSHUP,6038743227,3760387432272,0,15.99,VAPE JUICES
VAPE MAKER 0MG CANDY CO. ARLE QUEEN,6038743283,3760387432838,1,15.99,VAPE JUICES
VAPE MAKER 0MG CANDY CO. SKIT GAME,6038743285,3760387432852,1,15.99,VAPE JUICES
VIVA LAHEMP DISP INDICA STRAWNANA,9102898343,991028983430,0,36.0,THCA PRODUCTS
VAPE MAKER 0MG CANDY CO. FIZZYPPLE,6038743284,3760387432845,1,15.99,VAPE JUICES
ETERNAL SMOKE 250G DOLCE BANANA,5362912793,4053629127937,0,28.0,HOOKAH RELATED
VAPE MAKER 0MG CANDY CO. LOLY HOOP,6038743288,3760387432883,1,15.99,VAPE JUICES
VAPE MAKER 0MG CANDY CO. FLUFFY CANDY,6038743289,3760387432890,1,15.99,VAPE JUICES
ETERNAL SMOKE 50G WATERMELON,5362912892,4053629128927,0,5.99,HOOKAH RELATED
AMY GOLD WOOW SHISHA 200G,5142571757,4251425717578,0,19.22,HOOKAH RELATED
ETERNAL SMOKE 50G BLUE LIT,5362912891,4053629128910,1,5.99,HOOKAH RELATED
COOKIES SATIVA,9525520844,4895255208440,33,10.0,THCA PRODUCTS
LOST MARY PRO BLUE RAZZ ICE,5671640515,5056716405153,0,25.0,NICOTINE VAPES
LOST MARY PRO MIAMI MINT,5671640519,5056716405191,0,25.0,NICOTINE VAPES
LOST MARY PRO PEACH,5671640520,5056716405207,0,25.0,NICOTINE VAPES
LOST MARY PRO SOUR APPLE ICE,5671640524,5056716405245,0,25.0,NICOTINE VAPES
LOST MARY PRO STRAWBERRY ICE,5671640525,5056716405252,1,25.0,NICOTINE VAPES
LOST MARY PRO TROPICAL PUNCH,5671640526,5056716405269,0,25.0,NICOTINE VAPES
LOST MARY PRO WATERMELON SOUR PEACH,5671640528,5056716405283,1,25.0,NICOTINE VAPES
LOST MARY PRO PEPPERMINT,5671640560,5056716405603,0,25.0,NICOTINE VAPES
LOST MARY PRO PINA COLADA,5671640562,5056716405627,0,25.0,NICOTINE VAPES
LM SALT ICE 50MG BLUE RAZZ,6102859198,5061028591982,1,12.0,VAPE JUICES
LM 50MG BLUEBERRY CLOUD,6102859199,5061028591999,0,12.0,VAPE JUICES
LM 50MG MIAMI MINT,6102859203,5061028592033,0,12.0,VAPE JUICES
LM SALT ICE 50MG STRAWBERRY,6102859204,5061028592040,0,12.0,VAPE JUICES
LM SALT ICE 50MG WATERMELON,6102859208,5061028592088,0,12.0,VAPE JUICES
LEAF BUUDDI BATTERY BLACK,0951050007,6009510500073,0,19.99,DEVICES: BATTERIES & MODS
AL FAKHER 50G JASMIN,9110073012,6291100730124,6,5.99,HOOKAH RELATED
AL FAKHER 50G BLUEBERRY MINT,9110816006,6291108160060,12,5.99,HOOKAH RELATED
AL FAKHER 50G MINT,9110816000,6291108160008,16,5.99,HOOKAH RELATED
AL FAKHER 50G TWO APPLES,9110816012,6291108160121,0,5.99,HOOKAH RELATED
AL FAKHER 50G BLUEBERRY,9110816009,6291108160091,8,5.99,HOOKAH RELATED
AL FAKHER 50G WATERMELON WITH MINT,9110816018,6291108160183,2,5.99,HOOKAH RELATED
AL FAKHER 50G STRAWBERRY,9110816027,6291108160275,1,5.99,HOOKAH RELATED
AL FAKHER 50G LEMON WITH MINT,9110816036,6291108160367,10,5.99,HOOKAH RELATED
AL FAKHER 50G WATERMELON,9110816021,6291108160213,8,5.99,HOOKAH RELATED
AL FAKHER 50G PEACH,9110816024,6291108160244,4,5.99,HOOKAH RELATED
AL FAKHER 250G BLUEBERRY MINT,9110816055,6291108160558,2,25.99,HOOKAH RELATED
AL FAKHER 50G GRAPE WITH MINT,9110816039,6291108160398,8,5.99,HOOKAH RELATED
AL FAKHER 50G GUAVA,9110816129,6291108161296,1,5.99,HOOKAH RELATED
AL FAKHER 50G ORANGE,9110816241,6291108162415,4,5.99,HOOKAH RELATED
AL FAKHER 50G PINEAPPLE,9110816143,6291108161432,7,5.99,HOOKAH RELATED
AL FAKHER 50G GRAPE,9110816248,6291108162484,6,5.99,HOOKAH RELATED
AL FAKHER 250G MINT,9110816679,6291108166796,1,25.99,HOOKAH RELATED
AL FAKHER 250G WATERMELON,9110816697,6291108166970,2,25.99,HOOKAH RELATED
IMREN 21700 BATTERY CELL,2586040092,6925860400927,0,30.0,DEVICES: BATTERIES & MODS
SMOK RPM 3,3676080057,6936760800571,0,60.0,DEVICES: BATTERIES & MODS
SMOK RPM 5 KIT BROWN LEATHER,3676080058,6936760800588,1,60.0,DEVICES: BATTERIES & MODS
SMOK NORD 5 KIT RED GREY DART,3676080427,6936760804272,1,55.0,DEVICES: BATTERIES & MODS
SMOK RPM 85 KIT MATTE BLUE,3676081440,6936760814400,0,67.99,DEVICES: BATTERIES & MODS
HQD CUVIE MARS ICE MINT,3710540825,6937105408254,0,20.0,NICOTINE VAPES
HQD CUVIE MARS BLUEBERRY RASPBERRY,3710540827,6937105408278,2,20.0,NICOTINE VAPES
HQD CUVIE MARS STRAWBERRY BANANA,3710540849,6937105408490,2,20.0,NICOTINE VAPES
HQD CUVIE MARS RASPBERRY WATERMELON,3710540871,6937105408711,3,20.0,NICOTINE VAPES
HQD CUVIE MARS PURPLE RAIN,3710541644,6937105416440,5,20.0,NICOTINE VAPES
HQD CUVIE MARS LUSH ICE,3710541686,6937105416860,3,20.0,NICOTINE VAPES
HQD CUVIE MARS DESSERT BREEZE,3710541684,6937105416846,9,20.0,NICOTINE VAPES
HQD CUVIE MARS BLACK ICE,3710541717,6937105417171,0,20.0,NICOTINE VAPES
HQD CUVIE MARS PEACH BERRY,3710542637,6937105426371,2,20.0,NICOTINE VAPES
HQD CUVIE PLUS MIAMI MINT,3710546389,6937105463895,0,14.0,NICOTINE VAPES
HQD CUVIE GLAZE ICE MINT,3710547383,6937105473832,0,25.0,NICOTINE VAPES
HQD CUVIE GLAZE STRAWBERRY WATERMELON,3710547391,6937105473917,0,25.0,NICOTINE VAPES
HQD CUVIE GLAZE SKY MINT,3710547384,6937105473849,4,25.0,NICOTINE VAPES
HQD CUVIE GLAZE BLACK ICE,3710547396,6937105473962,0,25.0,NICOTINE VAPES
HQD CUVIE GLAZE GUCCI BERRY,3710547933,6937105479339,0,25.0,NICOTINE VAPES
HQD SALT 50MG SKYMINT,3710548001,6937105480014,2,15.0,VAPE JUICES
HQD CUVIE GLAZE WATERMELON NANA ICE,3710548063,6937105480632,0,25.0,NICOTINE VAPES
HQD CUVIE GLAZE TRIPLE BERRY,3710548065,6937105480656,2,25.0,NICOTINE VAPES
HQD CUVIE GLAZE BLACK WINTER,3710548070,6937105480700,6,25.0,NICOTINE VAPES
WHIFF GUAVA KIWI,3807775548,6938077755483,1,10.0,NICOTINE VAPES
WHIFF WATERMELON BUBBLE GUM,3807775554,6938077755544,0,10.0,NICOTINE VAPES
WHIFF STRAWBERRY KIWI,3807775553,6938077755537,0,10.0,NICOTINE VAPES
SMOK STICK PRINCE RED,4069560270,6940695602704,0,55.0,DEVICES: BATTERIES & MODS
SMOK STICK PRINCE BLUE,4069560272,6940695602728,1,55.0,DEVICES: BATTERIES & MODS
SMOK TFV16 TANK 9ML KIT RED,4069562978,6940695629787,1,37.0,DEVICES: BATTERIES & MODS
SMOK GLASS 9,4069563107,6940695631070,0,5.0,DEVICES: BATTERIES & MODS
SMOK NOVO 3 KIT BLACK COBRA,4069564737,6940695647378,0,30.0,DEVICES: BATTERIES & MODS
SMOK TFV9 TANK 6.5ML KIT GUN METAL,4069565767,6940695657674,1,37.0,DEVICES: BATTERIES & MODS
SMOK NORD X KIT FLUID GOLD,4069565812,6940695658121,1,65.0,DEVICES: BATTERIES & MODS
SMOK NOVO 4 KIT BLUE GREY COBRA,4069568265,6940695682652,1,40.0,DEVICES: BATTERIES & MODS
SMOK NOVO 4 KIT RED STABILIZING WOOD,4069568268,6940695682683,1,40.0,DEVICES: BATTERIES & MODS
SMOK NOVO 4 FLUID 7 KIT,4069568270,6940695682706,0,40.0,DEVICES: BATTERIES & MODS
SMOK TFV18 MINI TANK 6.5ML KIT BLUE,4069568626,6940695686261,1,40.0,DEVICES: BATTERIES & MODS
FUME 50MG TROPICAL PUNCH,4182170078,6941821700783,5,15.0,VAPE JUICES
FUME 50MG STRAWBERRY BANANA,4182170081,6941821700813,6,15.0,VAPE JUICES
FUME 50MG MINT ICE,4182170084,6941821700844,3,15.0,VAPE JUICES
FUME 50MG CUBAN TOBACCO,4182170198,6941821701988,1,15.0,VAPE JUICES
FUME RECHARGE STRAWBERRY BANANA 'SALE',4182170602,6941821706020,0,10.0,NICOTINE VAPES
FUME RECHARGE PEACH BANANA 'SALE',4182170609,6941821706099,0,10.0,NICOTINE VAPES
FUME INFINITY MINT ICE,4182171941,6941821719419,6,21.0,NICOTINE VAPES
FUME INFINITY LUSH ICE,4182171940,6941821719402,8,21.0,NICOTINE VAPES
FUME INFINITY PINA COLADA,"4182171942, 7330411398",6941821719426,7,21.0,NICOTINE VAPES
FUME INFINITY BLUEBERRY MINT,"4182171944, 7330411410",6973304114107,0,21.0,NICOTINE VAPES
FUME INFINITY PEACH ICE,4182171945,6941821719457,5,21.0,NICOTINE VAPES
FUME INFINITY BLUEBERRY GUAVA,4182172002,6941821720026,5,21.0,NICOTINE VAPES
FUME INFINITY BLACK ICE,4182171946,6941821719464,6,21.0,NICOTINE VAPES
FUME INFINITY APPLE SKITTLE,4182172004,6941821720040,1,21.0,NICOTINE VAPES
FUME ZERO MINT ICE,4182172633,6941821726332,0,18.0,NICOTINE VAPES
FUME ZERO PEACH ICE,4182172634,6941821726349,2,18.0,NICOTINE VAPES
FUME ZERO STRAWBERRY BANANA,4182172637,6941821726370,0,18.0,NICOTINE VAPES
FUME ZERO BLACK ICE,4182172734,6941821727346,0,18.0,NICOTINE VAPES
FUME INFINITY MIAMI MINT,4182172838,6941821728381,3,21.0,NICOTINE VAPES
SWEET JELLY HOOKAH TIPS,4206590258,6942065902582,2,2.0,HOOKAH RELATED
VAPORESSO LUXE XR MAX KIT BLACK,4349862894,6943498628940,0,65.0,DEVICES: BATTERIES & MODS
ECO NANO BLACK TRUFFLE KIT,4349863251,6943498632510,0,25.0,DEVICES: BATTERIES & MODS
ECO NANO PHANTOM BLUE KIT,4349863253,6943498632534,0,25.0,DEVICES: BATTERIES & MODS
ECO NANO SUNRISE ORANGE KIT,4349863254,6943498632541,0,25.0,DEVICES: BATTERIES & MODS
ECO NANO IVORY WHITE KIT,4349863262,6943498632626,0,25.0,DEVICES: BATTERIES & MODS
VAPORESSO ARMOUR S KIT BLACK,4349863580,6943498635801,0,89.99,DEVICES: BATTERIES & MODS
VAPORESSO ARMOUR S SILVER,4349863663,6943498636631,0,89.99,DEVICES: BATTERIES & MODS
VAPORESSO ARMOUR S KIT GREEN,4349863664,6943498636648,0,89.99,DEVICES: BATTERIES & MODS
ECO NANO TROPIC ORANGE KIT,4349865406,6943498654062,0,25.0,DEVICES: BATTERIES & MODS
VAPORESSO XROS 4 SILVER KIT,4349865883,6943498658831,1,45.0,DEVICES: BATTERIES & MODS
VAPORESSO XROS 4 BLUE KIT,4349865884,6943498658848,0,45.0,DEVICES: BATTERIES & MODS
VAPORESSO ITANK 8ML GREY,4349869431,6943498694310,1,29.99,DEVICES: BATTERIES & MODS
VAPORESSO XROS 4 MINI,4349869722,6943498697229,0,35.0,DEVICES: BATTERIES & MODS
MUHAMEDS SATIVA SOUR DIESEL,5482456564,6954824565648,0,35.0,THCA PRODUCTS
MUHAMEDS SATIVA JACK HERER,5483266243,6954832662438,0,35.0,THCA PRODUCTS
SMOK AL85 MOD CAMOUFLAGE YELLOW,7023221902,6970232219027,1,30.0,DEVICES: BATTERIES & MODS
VOOPOO DRAG NANO POD KIT,7081046889,6970810468892,1,15.0,DEVICES: BATTERIES & MODS
YOCAN TRIO DEVICE,7115422029,6971154220290,1,25.0,DEVICES: BATTERIES & MODS
YOCAN HIVE DEVICE KIT,7115422008,6971154220085,1,35.0,DEVICES: BATTERIES & MODS
YOCAN HIVE 2.0 DEVICE KIT,7115422042,6971154220429,5,35.0,DEVICES: BATTERIES & MODS
YOCAN EVOLVE 2.0 DEVICE,7115422036,6971154220368,2,25.0,DEVICES: BATTERIES & MODS
YOCAN UNI PRO AIRY BLUE,7115422302,6971154223024,0,35.0,DEVICES: BATTERIES & MODS
YOCAN EVOLVE PLUS XL RAINBOW EDITION,7115422186,6971154221860,0,55.0,DEVICES: BATTERIES & MODS
YOCAN HIT BLACK,7115422318,6971154223185,0,59.99,DEVICES: BATTERIES & MODS
MINI ISTICK ELEAF - BLACK,7136527001,6971365270015,0,30.0,DEVICES: BATTERIES & MODS
YOCAN UNI PRO DARK BLUE,7115422534,6971154225349,0,35.0,DEVICES: BATTERIES & MODS
MINI ISTICK ELEAF SILVER,7136527002,6971365270022,0,30.0,DEVICES: BATTERIES & MODS
MINI ISTICK ELEAF - BLUE,7136527004,6971365270046,1,30.0,DEVICES: BATTERIES & MODS
FREE MAX GEMM DISPOSABLE 0.15 TANK,7149219540,6971492195403,1,25.0,DEVICES: BATTERIES & MODS
HQD CUVIE PLUS LUSH ICE,7157899322,6971578993220,6,14.0,NICOTINE VAPES
HQD CUVIE PLUS STRAWBERRY,7157899428,6971578994289,4,14.0,NICOTINE VAPES
HQD CUVIE PLUS ICE MINT,7157899427,6971578994272,6,14.0,NICOTINE VAPES
HQD CUVIE PLUS GRAPEY,7157899442,6971578994425,7,14.0,NICOTINE VAPES
HQD CUVIE PLUS BLUEBERRY,7157899454,6971578994548,8,14.0,NICOTINE VAPES
HQD CUVIE PLUS BLUEBERRY RASPBERRY,7157899673,6971578996733,1,14.0,NICOTINE VAPES
HQD CUVIE PLUS STRAWBERRY BANANA,7157899678,6971578996788,5,14.0,NICOTINE VAPES
HQD CUVIE PLUS APPLE PEACH,7157899680,6971578996801,5,14.0,NICOTINE VAPES
HQD CUVIE PLUS LYCHEE ICE,7157899681,6971578996818,3,14.0,NICOTINE VAPES
HQD CUVIE PLUS BLACK ICE,"7157899718, 2374202943",6923742029433,2,14.0,NICOTINE VAPES
HQD CUVIE PLUS ENERGY DRINK,7157899852,6971578998522,5,14.0,NICOTINE VAPES
SAKERZ BUBBLE GLASS,7164822328,6971648223288,0,5.0,DEVICES: BATTERIES & MODS
LOOKAH BEAR BATTERY - PURPLE,7319959994,6973199599942,2,40.0,DEVICES: BATTERIES & MODS
FUME EXTRA COTTON CANDY,7330411164,6973304111649,4,13.0,NICOTINE VAPES
FUME EXTRA MELON ICE,7330411168,6973304111687,6,13.0,NICOTINE VAPES
FUME EXTRA TANGERINE ICE,"7330411166, 7471014381",6974710143811,0,13.0,NICOTINE VAPES
FUME EXTRA BUBBLEGUM,7330411256,6973304112561,1,13.0,NICOTINE VAPES
FUME EXTRA RAINBOW CANDY,7330411264,6973304112646,6,13.0,NICOTINE VAPES
FUME ULTRA STRAWBERRY WATERMELON,"7330411282, 7471014470",6973304112820,2,16.0,NICOTINE VAPES
FUME ULTRA BANANA ICE,7330411266,6973304112660,4,16.0,NICOTINE VAPES
FUME ULTRA STRAWBERRY,"7330411268, 7471014463",6974710144634,3,16.0,NICOTINE VAPES
FUME ULTRA MANGO,7330411276,6973304112769,4,16.0,NICOTINE VAPES
FUME EXTRA PURPLE RAIN,7330411356,6973304113568,11,13.0,NICOTINE VAPES
FUME ULTRA PURPLE RAIN,"7330411364, 7471014484",6974710144849,0,16.0,NICOTINE VAPES
FUME INFINITY PURPLE RAIN,7330411404,6973304114046,1,21.0,NICOTINE VAPES
FUME INFINITY TROPICAL PUNCH,7330411408,6973304114084,4,21.0,NICOTINE VAPES
FUME EXTRA PEACH ICE,"7330411540, 7471014392",6974710143927,0,13.0,NICOTINE VAPES
FUME EXTRA FRESH LYCHEE,7330411544,6973304115449,6,13.0,NICOTINE VAPES
FUME INFINITY STRAWBERRY KIWI,7330411709,6973304117092,3,21.0,NICOTINE VAPES
FUME ULTRA RASPBERRY WATERMELON,7330411697,6973304116972,3,16.0,NICOTINE VAPES
FUME EXTRA COFFEE TOBACCO,7330411716,6973304117160,13,13.0,NICOTINE VAPES
FUME ULTRA CLEAR,7471014505,6974710145051,5,16.0,NICOTINE VAPES
FUME EXTRA PARADISE,7330411796,6973304117962,8,13.0,NICOTINE VAPES
FUME ULTRA PARADISE,7330411800,6973304118006,2,16.0,NICOTINE VAPES
FUME EXTRA BLUEBERRY GUAVA,"7330411806, 7471014660",6974710146607,0,13.0,NICOTINE VAPES
FUME ULTRA HAWAII JUICE,7330411815,6973304118150,0,16.0,NICOTINE VAPES
FUME EXTRA APPLE SKITTLES,7330411808,6973304118082,2,13.0,NICOTINE VAPES
FUME EXTRA PINEAPPLE ICE,7330411820,6973304118204,2,13.0,NICOTINE VAPES
FUME EXTRA MANGO,7330411838,6973304118389,12,13.0,NICOTINE VAPES
HQD CUVIE PLUS STRAWBERRY WATERMELON,7382670034,6973826700345,6,14.0,NICOTINE VAPES
HQD CUVIE PLUS TRES LECHES,7382670115,6973826701151,0,14.0,NICOTINE VAPES
HQD CUVIE PLUS SKY MINT,7382670493,6973826704930,5,14.0,NICOTINE VAPES
HQD CUVIE PLUS PEACH ICE,7382670495,6973826704954,5,14.0,NICOTINE VAPES
HQD CUVIE PLUS NUTS TOBACCO,7382670821,6973826708211,0,14.0,NICOTINE VAPES
TEQUILA VAPE BLUE RAZZ BEAR,7395647462,6973956474628,0,15.0,NICOTINE VAPES
TEQUILA VAPE STRAWBERRY BANANA DRAGONFRUIT,7395647471,6973956474710,0,15.0,NICOTINE VAPES
FUME EXTRA STRAWBERRY,"7471014369, 7330411828",6974710143699,4,13.0,NICOTINE VAPES
BOMB LUX TOBACCOO COFFEE 'SALE',7412960436,6974129604361,2,3.5,NICOTINE VAPES
FUME EXTRA BANANA ICE,7471014368,6974710143682,10,13.0,NICOTINE VAPES
FUME EXTRA MINT ICE,7471014372,6974710143729,32,13.0,NICOTINE VAPES
FUME EXTRA BLUE RAZZ,7471014371,6974710143712,4,13.0,NICOTINE VAPES
FUME EXTRA LUSH ICE,7471014374,6974710143743,20,13.0,NICOTINE VAPES
FUME EXTRA STRAWBERRY WATERMELON,7471014376,6974710143767,6,13.0,NICOTINE VAPES
FUME EXTRA GRAPE,7471014375,6974710143750,9,13.0,NICOTINE VAPES
FUME EXTRA STRAWBERRY MANGO,7471014377,6974710143774,9,13.0,NICOTINE VAPES
FUME EXTRA STRAWBERRY BANANA,7471014378,6974710143781,10,13.0,NICOTINE VAPES
FUME EXTRA CUBAN TOBACCO,7471014386,6974710143866,12,13.0,NICOTINE VAPES
FUME EXTRA PINA COLADA,"7471014379, 7330411162",6974710143798,13,13.0,NICOTINE VAPES
FUME EXTRA BLUEBERRY MINT,7471014388,6974710143880,10,13.0,NICOTINE VAPES
FUME EXTRA TROPICAL FRUIT,7471014391,6974710143910,11,13.0,NICOTINE VAPES
FUME EXTRA DOUBLE APPLE,7471014393,6974710143934,7,13.0,NICOTINE VAPES
FUME EXTRA BLACK ICE,7471014400,6974710144009,9,13.0,NICOTINE VAPES
FUME EXTRA CLEAR,7471014412,6974710144122,0,13.0,NICOTINE VAPES
FUME EXTRA MIAMI MIX,7471014413,6974710144139,17,13.0,NICOTINE VAPES
FUME ULTRA MINT ICE,7471014466,6974710144665,15,16.0,NICOTINE VAPES
FUME ULTRA LUSH ICE,7471014468,6974710144689,13,16.0,NICOTINE VAPES
FUME ULTRA STRAWBERRY MANGO,7471014471,6974710144719,7,16.0,NICOTINE VAPES
FUME ULTRA STRAWBERRY BANANA,7471014472,6974710144726,4,16.0,NICOTINE VAPES
FUME ULTRA PINA COLADA,7471014473,6974710144733,10,16.0,NICOTINE VAPES
FUME ULTRA BLUEBERRY MINT,7471014482,6974710144825,11,16.0,NICOTINE VAPES
FUME ULTRA TROPICAL FRUIT,7471014485,6974710144856,15,16.0,NICOTINE VAPES
FUME ULTRA PEACH ICE,7471014486,6974710144863,5,16.0,NICOTINE VAPES
FUME ULTRA BLACK ICE,7471014494,6974710144948,5,16.0,NICOTINE VAPES
FUME ULTRA MIAMI MIX,7471014506,6974710145068,7,16.0,NICOTINE VAPES
FUME EXTRA MIAMI TROPICANA,7471014674,6974710146744,8,13.0,NICOTINE VAPES
FUME EXTRA HAWAII JUICE,7471014661,6974710146614,9,13.0,NICOTINE VAPES
CERAMIC TIP,7503907042,6975039070420,4,15.0,DEVICES: BATTERIES & MODS
TORTUGA BATTERY LEATHER BLACK,7503907145,6975039071458,0,25.99,DEVICES: BATTERIES & MODS
BARRACUDA GRINDER,7503907115,6975039071151,0,39.99,GRINDERS
TORTUGA BATTERY LEATHER BLUE,7503907146,6975039071465,0,22.99,DEVICES: BATTERIES & MODS
POSEIDON MACKEREL,7581983301,6975819833016,1,12.99,DEVICES: BATTERIES & MODS
SHARKY BATTERY RED,7581983030,6975819830305,0,30.0,DEVICES: BATTERIES & MODS
YOCAN KODO ANIMAL MINI TIGER,7588608351,6975886083512,1,12.99,DEVICES: BATTERIES & MODS
YOCAN KODO ANIMAL MINI DOG,7588608356,6975886083567,1,12.99,DEVICES: BATTERIES & MODS
YOCAN KODO ANIMAL MINI SHARK,7588608361,6975886083611,0,12.99,DEVICES: BATTERIES & MODS
RAZ 9K STRAWBERRY ICE,7598405286,6975984052861,0,30.0,NICOTINE VAPES
RAZ 9K NIGHT CRAWLER,7598405290,6975984052908,0,30.0,NICOTINE VAPES
RAZ 9K POLAR ICE,7598405294,6975984052946,0,30.0,NICOTINE VAPES
RAZ 9K BLUE RAZ ICE,7598405298,6975984052984,0,30.0,NICOTINE VAPES
RAZ 9K BLUEBERRY WATERMELON,7598405300,6975984053004,0,30.0,NICOTINE VAPES
RAZ 9K CITRONNADE,7598405306,6975984053066,0,30.0,NICOTINE VAPES
RAZ 9K MANGO COLADA,7598405304,6975984053042,0,30.0,NICOTINE VAPES
RAZ 9K MIAMI MINT,7598405302,6975984053028,0,30.0,NICOTINE VAPES
RAZ 9K TRIPLE BERRY ICE,7598405310,6975984053103,0,30.0,NICOTINE VAPES
RAZ 9K WATERMELON ICE,7598405312,6975984053127,0,30.0,NICOTINE VAPES
RAZ 9K CACTUS JACK,7598405314,6975984053141,0,30.0,NICOTINE VAPES
RAZ 9K RUBY,7598405471,6975984054711,0,30.0,NICOTINE VAPES
RAZ 9K CHERRY LEMON,7598405316,6975984053165,0,30.0,NICOTINE VAPES
RAZ 9K ORANGE RASBERRY,7598405503,6975984055039,0,30.0,NICOTINE VAPES
RAZ 9K VIOLET,7598405469,6975984054698,0,30.0,NICOTINE VAPES
RAZ 9K VICKY,7598405473,6975984054735,0,30.0,NICOTINE VAPES
RAZ 9K TIFFANY,7598405475,6975984054759,0,30.0,NICOTINE VAPES
RAZ 9K BLUE RAZ COTTON CLOUDZ,7598405505,6975984055053,0,30.0,NICOTINE VAPES
RAZ 9K PINEAPPLE PASSIONFRUIT GUAVA,7598405516,6975984055169,0,30.0,NICOTINE VAPES
RAZ 9K CLEAR,7598405520,6975984055206,0,30.0,NICOTINE VAPES
RAZ 9K GEORGIA PEACH,7598405564,6975984055640,0,30.0,NICOTINE VAPES
RAZ 9K SOUR MANGO PINEAPPLE,7598405752,6975984057521,0,30.0,NICOTINE VAPES
RAZ 9K TROPICAL STORM,7598405754,6975984057545,0,30.0,NICOTINE VAPES
VAYU THCO DISPOSABLE 1GR INDICA HARDCORE OG,8008001202,7180080012025,0,20.0,THCA PRODUCTS
VAYU THCO TINCTURE - PASSIONFRUIT,8008002101,7180080021010,0,40.0,THCA PRODUCTS
VAYU DELTA TINCTURE CHERRY PEPPERMINT - RELIEF,8009002101,7180090021017,0,35.0,THCA PRODUCTS
VAYU DELTA TINCTURE - BLUEBERRY LAVANDER,8009002201,7180090022014,0,35.0,THCA PRODUCTS
VAYU DELTA TINCTURE - LEMON CITRUS,8009002001,7180090020010,0,35.0,THCA PRODUCTS
VAYU DELTA8 DISPOSABLE 2.5GR INDICA KING LOUIS,8009201203,7180092012037,0,42.0,THCA PRODUCTS
VAYU THCA PRE-ROLL PLATINUM PANCAKES,8037005101,7180370051017,0,14.99,THCA PRODUCTS
ADALYA 250G HAVANA,8151138231,8681511382315,3,25.99,HOOKAH RELATED
GROOVY LEAF GRABBA PREMIUM DARK,0001877076,8600018770760,6,2.0,TOBACCO PRODUCTS
GROOVY GRABBA PREMIUM DARK LEAF,0001877007,8600018770074,4,2.0,TOBACCO PRODUCTS
ADALYA 250G MINT,8151138255,8681511382551,5,25.99,HOOKAH RELATED
ADALYA 250G LOVE 66,8151138242,8681511382421,1,25.99,HOOKAH RELATED
ADALYA 50G ENGLISH LORD,8151138351,8681511383510,5,5.99,HOOKAH RELATED
ADALYA 250G BERLIN NIGHTS,8151138588,8681511385880,2,25.99,HOOKAH RELATED
ADALYA 50G HAWAII,8151138660,8681511386603,8,5.99,HOOKAH RELATED
ADALYA 50G LOVE 66,8151138677,8681511386771,9,5.99,HOOKAH RELATED
ADALYA 50G MINT,8151138691,8681511386917,2,5.99,HOOKAH RELATED
ADALYA 50G BLUE MLN,8151138759,8681511387594,0,5.99,HOOKAH RELATED
ADALYA 50G MI AMOR,8165570011,8681655700112,3,5.99,HOOKAH RELATED
ADALYA 250G WATERMELON,8165576530,8681655765302,2,25.99,HOOKAH RELATED
TEQUILA VAPE PEACH MANGO PINEAPPLE,8020137964,9780201379648,0,15.0,NICOTINE VAPES
GEEKBAR FROZEN STRAWBERRY,1012543912,810125439124,0,30.0,NICOTINE VAPES
SHROOMZ GUMMIES 1000MG BLUE RAZZ INDICA 2PK,7744346626,977443466260,0,7.5,EDIBLES
SQUAD JAR GRINDER,9999969021,0000,6,12.99,GRINDERS
SQUAD GRINDER,9999965798,0000,3,6.5,GRINDERS
AL FAKHER 250G MAGIC LOVE,9110816772,0000,1,25.99,HOOKAH RELATED
GEEKBAR FROZEN WATERMELON,1012543906,810125439063,0,30.0,NICOTINE VAPES
ADALYA 250G MI AMOR,8165571753,8681655717530,2,25.99,HOOKAH RELATED
POD JUICE 6MG JEWEL MINT,1100361324,211003613245,1,18.0,VAPE JUICES
FRONTO KING DARK CRUSH,6098937964,660989379643,10,3.64,TOBACCO PRODUCTS
RAZ 9K DAY CRAWLER,7031364356,6970313643567,0,30.0,NICOTINE VAPES
DOG GRINDER,5236901559,652369015593,1,25.0,GRINDERS
DOZO DISPOSABLE 2.5GR SATIVA SOUR TANGIE,0985117157,609851171572,0,40.0,THCA PRODUCTS
DOZO DISPOSABLE 2.5GR SATIVA PINEAPPLE SLURPY,0985117153,609851171534,0,40.0,THCA PRODUCTS
MOCHI CHEW 1PK,3511201073,735112010738,4,9.99,EDIBLES
RAZ LTX 25K MIAMI MINT,7286650770,6972866507709,0,35.0,NICOTINE VAPES
RAZ LTX 25K FROZEN BANANA,7286650748,6972866507488,0,35.0,NICOTINE VAPES
RAZ LTX 25K BANGIN SOUR BERRIES,7286650776,6972866507761,0,35.0,NICOTINE VAPES
SMOK TFV16 TANK 9ML KIT BLACK PLATING,4069562977,0000,1,37.0,DEVICES: BATTERIES & MODS
SMOK TFV18 TANK STAINLESS STEEL,4069567310,6940695673100,0,40.0,DEVICES: BATTERIES & MODS
VAPORESSO XROS 4 MINI ICE PURPLE,4349869717,6943498697175,0,23.0,DEVICES: BATTERIES & MODS
VAPORESSO XROS 4 MINI ICE BLUE,4349869716,6943498697168,1,23.0,DEVICES: BATTERIES & MODS
VAPORESSO ARMOUR G KIT BROWN,4349860069,6943498600694,0,45.0,DEVICES: BATTERIES & MODS
SMOK RPM 80 KIT BLACK CARBON FIBER,4069564099,0000,1,40.0,DEVICES: BATTERIES & MODS
INNEVAPE 0MG HEISENBERG MENTHOL,5317636110,053176361109,0,15.0,VAPE JUICES
INNEVAPE 0MG HEISENBERG SOUR APPLE,5317637855,0000,2,15.0,VAPE JUICES
INNEVAPE 6MG HEISENBERG BERRY,5317637802,053176378022,1,15.0,VAPE JUICES
INNEVAPE 6MG HEISENBERG,5317636108,0000,1,15.0,VAPE JUICES
INNEVAPE SALT 50MG HEISENBERG,5317636033,053176360331,0,15.0,VAPE JUICES
POD JUICE 3MG JEWEL MINT,1100361323,211003613238,2,18.0,VAPE JUICES
FRUIT MONSTER 48MG PASSIONFRUIT ORANGE GUAVA,1002278932,0000,2,16.0,VAPE JUICES
YOCAN KODO PLUS BATTERY,"7588608153, 7588608154, 7588608150, 7588608155, 7588608151, 7588608152",6975886081532,2,12.99,DEVICES: BATTERIES & MODS
YOCAN KODO ANIMAL MINI WOLF,7588608406,6975886084069,0,12.99,DEVICES: BATTERIES & MODS
YOCAN KODO ANIMAL MINI CAT,7588608256,6975886082560,0,12.99,DEVICES: BATTERIES & MODS
YOCAN KODO ANIMAL MINI LION,7588608268,6975886082683,0,12.99,DEVICES: BATTERIES & MODS
YOCAN KODO ANIMAL MINI GORILLA,7588608401,6975886084014,0,12.99,DEVICES: BATTERIES & MODS
BACKWOODS 5PK SMOKED CARAMEL,7161021169,071610211698,2,7.5,TOBACCO PRODUCTS
BLACK & MILD WINE SINGLE WOOD TIP,7013710529,070137105299,6,1.5,TOBACCO PRODUCTS
IGET 20K CHERRY POMEGRANATE,3692763410,6936927634100,3,20.0,NICOTINE VAPES
IGET 20K DOUBLE APPLE,3692763401,6936927634018,0,20.0,NICOTINE VAPES
IGET 20K BLUEBERRY ICE,3692763407,6936927634070,4,20.0,NICOTINE VAPES
IGET 20K PASSION FRUIT GRAPE ORANGE,3692763416,6936927634162,5,20.0,NICOTINE VAPES
IGET 20K GRAPE ICE,3692763398,6936927633981,0,20.0,NICOTINE VAPES
IGET 20K MINT,3692763405,6936927634056,0,20.0,NICOTINE VAPES
IGET 20K BLACKBERRY POMEGRANATE CHERRY ICE,3692763411,6936927634117,2,20.0,NICOTINE VAPES
IGET 20K STRAWBERRY WATERMELON,3692763403,6936927634032,4,20.0,NICOTINE VAPES
IGET 20K STRAWBERRY KIWI,3692763404,6936927634049,0,20.0,NICOTINE VAPES
IGET 20K WATERMELON BLUEBERRY,3692763412,6936927634124,4,20.0,NICOTINE VAPES
IGET 20K BLACKBERRY ICE,3692763402,6936927634025,3,20.0,NICOTINE VAPES
IGET 20K CLASSIC TOBACCO,3692764264,6936927642648,0,20.0,NICOTINE VAPES
TORNADO CHARCOAL 72CT BOX,1310727095,313107270956,2,12.0,HOOKAH RELATED
NAKED SALT 35MG MANGO,9999975081,0000,1,15.0,VAPE JUICES
NAKED 50MG,9999980699,0000,1,15.0,VAPE JUICES
NAKED SALT 50MG MANGO,9999998126,0000,1,15.0,VAPE JUICES
AL FAKHER 50G BERRY,9110816171,6291108161715,0,5.99,HOOKAH RELATED
HQD CUVIE PLUS BLUEBERRY LEMONADE,7382670122,6973826701229,8,14.0,NICOTINE VAPES
BB PEN 3GR THCA  HYBRID ALIEN COOKIES,9823228124,598232281248,0,35.0,THCA PRODUCTS
SMAKD GUMMIES 1000MG BERRY BLAST 2PK,9965334521,699653345219,9,8.0,EDIBLES
RAZ LTX 25K ORANGE MANGO,7286650991,6972866509918,0,35.0,NICOTINE VAPES
GEEKBAR COOL MINT,1016428093,810164280930,0,30.0,NICOTINE VAPES
EXOTIC CARTS 1GR CART,9999994768,0000,0,35.0,THCA PRODUCTS
RAZ LTX 25K MANGO LOCO,7286650814,6972866508140,0,35.0,NICOTINE VAPES
RAZ LTX 25K BLACK CHERRY PEACH,7286650790,6972866507907,0,35.0,NICOTINE VAPES
RAZ LTX 25K FROZEN RASPBERRY WATERMELON,7286650746,6972866507464,0,35.0,NICOTINE VAPES
RAZ LTX 25K BLUE RAZ ICE,7286650768,6972866507686,0,35.0,NICOTINE VAPES
RAZ LTX 25K SOUR WATERMELON PEACH,7286650780,6972866507808,0,35.0,NICOTINE VAPES
RAZ LTX 25K FROZEN JUICY STRAWBERRY,7286650742,6972866507426,0,35.0,NICOTINE VAPES
RAZ LTX 25K NIGHT CRAWLER,7286650762,6972866507624,0,35.0,NICOTINE VAPES
RAZ LTX 25K NEW YORK MINT,7286650664,6972866506641,0,35.0,NICOTINE VAPES
RAZ LTX 25K SOUR APPLE WATERMELON,7286650778,6972866507785,0,35.0,NICOTINE VAPES
RAZ LTX 25K SOUR APPLE ICE,7286650668,6972866506689,0,35.0,NICOTINE VAPES
RAZ LTX 25K STRAWBERRY KIWI PEAR,7286650788,6972866507884,0,35.0,NICOTINE VAPES
RAZ LTX 25K FIRE & ICE,7286650290,6972866502902,0,35.0,NICOTINE VAPES
GEEKBAR X SOUR FCUKING FAB,1012543834,810125438349,0,35.0,NICOTINE VAPES
GEEKBAR X STRAWBERRY COLADA,1012543994,810125439940,0,35.0,NICOTINE VAPES
GEEKBAR X SOUR MANGO PINEAPPLE,1012543820,810125438202,3,35.0,NICOTINE VAPES
GEEKBAR X STRAWBERRY B-BURST,1012543832,810125438325,3,35.0,NICOTINE VAPES
GEEKBAR X BLACKBERRY BLUEBERRY,1012543992,810125439926,0,35.0,NICOTINE VAPES
CANDY KING SALT ICE 35MG STRAWBERRY WATERMELON BUBBLEGUM,4421682817,644216828173,3,13.99,VAPE JUICES
CANDY KING SALT 35MG HARD APPLE,4421690972,644216909728,2,13.99,VAPE JUICES
VGOD SALT 50MG CUBANO,1836802386,818368023865,1,15.99,VAPE JUICES
RAZ LTX 25K CLEAR DIAMOND,7286650740,6972866507402,0,35.0,NICOTINE VAPES
SMOK TFV18 TANK 7.5ML KIT PLATING MATTE BLACK,4069567309,6940695673094,1,40.0,DEVICES: BATTERIES & MODS
GEEKBAR SOUR WATERMELON DROP,1016428084,810164280848,0,30.0,NICOTINE VAPES
URB FLIGHT FUEL 710 CART 2GR INDICA BLUEBERRY COOKIES,1008884705,810088847059,0,29.99,THCA PRODUCTS
URB FLIGHT FUEL 710 CART 2GR HYBRID SUGAR COOKIE,1008884699,810088846991,0,29.99,THCA PRODUCTS
URB FLIGHT FUEL 710 CART 2GR SATIVA STRAWBERRY KUSH,1008884695,810088846953,0,29.99,THCA PRODUCTS
GEEKBAR X ATL MINT,1016428185,810164281852,0,35.0,NICOTINE VAPES
RAZ LTX 25K BLUEBERRY WATERMELON,7286650766,6972866507662,0,35.0,NICOTINE VAPES
305'S FULL FLAVOR KINGS CIGARETTES,0921520185,709215201850,0,6.0,TOBACCO PRODUCTS
DUTCH MASTERS 3PK CHOCOLATE,7161049853,071610498532,16,3.5,TOBACCO PRODUCTS
COCO NARA CHARCOAL 120CT,8700055312,5287000553124,0,19.99,HOOKAH RELATED
305 VALERA LOPEZ CIGARS,"TSP00558C, TTED4/48H, TRB00550M, TGD00660C, TGD00660M, TRB00550C, TDC07/50M, TDC07/50H, TTR00652M, TTR00652H, TTR00652C, TSPT0754M, TSPT0754H",0000,5,6.99,TOBACCO PRODUCTS
HQD CUVIE PLUS BLACK DRAGON,3710544836,6937105448366,0,14.0,NICOTINE VAPES
RAZ 9K GRAPE ICE,7598405308,6975984053080,0,30.0,NICOTINE VAPES
SLAPWOODS RUSSIAN CREAM,3860728294,738607282948,1,7.99,TOBACCO PRODUCTS
RAZ 9K STRAWBERRY SHORTCAKE,7598405288,6975984052885,0,30.0,NICOTINE VAPES
GEEKBAR X WATERMELON ICE,1012543842,810125438424,0,35.0,NICOTINE VAPES
TRIPPY SMAKD GUMMIES 1000MG PINEAPPLE 2PK,3444265441,734442654414,0,7.5,EDIBLES
BB PEN 3GR THCA SATIVA SOUR CANDY GAS,9823228123,598232281231,0,35.0,THCA PRODUCTS
BB PEN 3GR THCA INDICA DEVIL FRUIT,9823228128,598232281286,0,35.0,THCA PRODUCTS
GEEKBAR X BANANA TAFFY FREEZE,1012543818,810125438189,0,35.0,NICOTINE VAPES
GEEKBAR X MIAMI MINT,1012543838,810125438387,0,35.0,NICOTINE VAPES
WWC THCA DISPOSABLE 1GR,9999970170,0000,9,26.99,THCA PRODUCTS
SHARK HOOKAH FOIL ROUNDED 5.5IN,2540261259,8425402612590,9,4.0,HOOKAH RELATED
HOT PLATE ELECTRIC BURNER,9999937964,0000,1,25.0,HOOKAH RELATED
RAZ LTX 25K WATERMELON ICE,7286650782,6972866507822,0,35.0,NICOTINE VAPES
VAPORESSO XROS PRO KIT BLUE,4349865341,6943498653416,0,52.0,DEVICES: BATTERIES & MODS
VAPORESSO XROS PRO KIT RED,4349865340,6943498653409,0,45.0,DEVICES: BATTERIES & MODS
SMOK NOVO X KIT BLACK STABILIZING WOOD,4069564800,0000,1,46.0,DEVICES: BATTERIES & MODS
CANNABIS MOCKTAIL CREATOR,9999922030,0000,2,21.99,THCA PRODUCTS
VAYU THCA LIQUID DIAMONDS DISPOSABLE 1GR HYBRID WEDDING CAKE,9999976741,0000,0,35.0,THCA PRODUCTS
VAYU THCA LIQUID DIAMONDS DISPOSABLE 1GR INDICA HARDCORE OG,9999930243,0000,0,35.0,THCA PRODUCTS
VAYU DELTA8 DISPOSABLE 1GR HYBRID BISCOTTI,9999926951,0000,0,30.0,THCA PRODUCTS
VAYU THCA LIQUID DIAMONDS DISPOSABLE 2.5GR SATIVA SOUR TANGIE,8008201003,0000,0,45.0,THCA PRODUCTS
VAYU THCA LIQUID DIAMONDS DISPOSABLE 2.5GR INDICA BLACKBERRY KUSH,8008201201,0000,0,45.0,THCA PRODUCTS
VAYU THCA LIQUID DIAMONDS DISPOSABLE 2.5GR HYBRID MIMOSA,8008201104,0000,0,45.0,THCA PRODUCTS
RAZ LTX 25K WINTERGREEN,7286650764,6972866507648,0,35.0,NICOTINE VAPES
RAZ LTX 25K CLEAR SAPPHIRE,7286650816,6972866508164,0,35.0,NICOTINE VAPES
MOCHI GUMMIES 10PK PASSION GUAVA,3511201037,735112010370,1,26.0,EDIBLES
MOCHI GUMMIES 10PK HAWAIIAN PUNCH,3511201013,735112010134,5,26.0,EDIBLES
TROPIC 3IN1 GRINDER PIPE LIGHTER,9871598988,198715989885,4,36.0,GRINDERS
TROPIC SWIRL GRINDER,9871549143,198715491432,3,21.99,GRINDERS
FUME INFINITY DRAGON FRUIT,4182173353,0000,5,21.0,NICOTINE VAPES
FUME INFINITY SUMMER BLACK ICE,4182173366,6941821733668,0,21.0,NICOTINE VAPES
PULSAR 510 DL BATTERY,"4025081373, 4025081376, 4025081375, 4025081374",840250813742,0,35.0,DEVICES: BATTERIES & MODS
FUME ULTRA KIWI STRAWBERRY,7471014708,6974710147086,10,16.0,NICOTINE VAPES
RAZ 9K DRAGON FRUIT LEMONADE,7598405292,6975984052922,0,30.0,NICOTINE VAPES
RAW PAPER CLASSIC CONNOISSEUR KING + TIP ROLLING,1616517401,716165174011,17,4.0,ROLLING PAPERS & CONES
GEEKBAR STONEMINTZ,1016428255,810164282552,0,30.0,NICOTINE VAPES
GEEKBAR PEPPERMINTZ,1016428253,810164282538,0,30.0,NICOTINE VAPES
BIRTHDAY CAKE GRINDER,9999934979,0000,2,20.0,GRINDERS
FREEZABLE HAND PIPE,4011780133,640117801338,2,30.0,HOOKAH RELATED
RAZ 9K STRAWBERRY WATERMELON,7031364211,6970313642119,0,30.0,NICOTINE VAPES
GEEKBAR X STRAWBERRY KIWI ICE,1016428179,810164281791,0,35.0,NICOTINE VAPES
ZYN 3MG MENTHOL,0924992303,0000,5,9.99,TOBACCO PRODUCTS
GEEKBAR X PEPPERMINTZ,1016428228,810164282286,0,35.0,NICOTINE VAPES
URB FLIGHT FUEL 710 CART 2GR INDICA GAS BERRY,1008884701,810088847011,0,29.99,THCA PRODUCTS
ZYN 3MG COFFEE,0924990401,0000,2,9.99,TOBACCO PRODUCTS
FUME 50MG LUSH ICE,4182170080,6941821700806,5,15.0,VAPE JUICES
FUME 50MG CLEAR,4182172971,0000,3,15.0,VAPE JUICES
FUME 50MG MANGO MINT,4182173015,0000,3,30.0,VAPE JUICES
CAMEL CRUSH MENTHOL SILVER CIGARETTES,1230000094,01239439,9,14.99,TOBACCO PRODUCTS
SUPER LOOPER DISPOSABLE 1GR HYBRID ANIMAL MINTZ,1011004732,810110047327,0,30.0,THCA PRODUCTS
SUPER LOOPER DISPOSABLE 1GR INDICA MODIFIED GRAPE,1011004765,810110047655,0,30.0,THCA PRODUCTS
SUPER LOOPER DISPOSABLE 1GR SATIVA ABRA CADABRA,1011004731,810110047310,0,30.0,THCA PRODUCTS
poseidon mackerel v2,7581983311,0000,0,12.0,DEVICES: BATTERIES & MODS
FRUIT MONSTER 3MG STRAWBERRY KIWI POMEGRANATE,1002278909,710022789097,3,18.0,VAPE JUICES
JAM MONSTER 3MG STRAWBERRY,1002278784,710022787840,0,18.0,VAPE JUICES
JAM MONSTER 3MG BLACKBERRY,1002278794,710022787949,0,18.0,VAPE JUICES
CUSTARD MONSTER 3MG VANILLA,1002278769,710022787697,0,18.0,VAPE JUICES
RAZ LTX 25K TRIPLE BERRY GUSH,7031364876,6970313648760,0,35.0,NICOTINE VAPES
MARLBORO RED KING CIGARETTES,2820000357,02835727,0,12.5,TOBACCO PRODUCTS
CLOUD NURDZ 6MG ICED PINEAPPLE MANGO,0433564540,0000,2,18.0,VAPE JUICES
BACKWOODS 5PK SMOOTH,7161020344,071610203440,7,8.0,TOBACCO PRODUCTS
RAZ LTX 25K STRAWBERRY PEACH GUSH,7031364844,6970313648449,0,35.0,NICOTINE VAPES
KREAM 5GR HYBRID DESERT ORANGE,9584724964,795847249643,0,39.99,THCA PRODUCTS
GEEKBAR X GRAPE SLUSH,1016428276,810164282767,0,35.0,NICOTINE VAPES
RAZ 9K STRAWBERRY ORANGE MANGO,7031364139,6970313641396,0,30.0,NICOTINE VAPES
GEEKBAR X COOL MINT,1012543998,810125439988,0,35.0,NICOTINE VAPES
GEEKBAR BLUEBERRY WATERMELON,1012543695,810125436956,0,30.0,NICOTINE VAPES
SUPER LOOPER DISPOSABLE 1GR HYBRID SUNSET SHERBERT,1011004766,810110047662,1,30.0,THCA PRODUCTS
SUPER LOOPER DISPOSABLE 1GR SATIVA LEMON SLUSHIE,1011004764,810110047648,0,30.0,THCA PRODUCTS
SUPER LOOPER DISPOSABLE 1GR INDICA APPLES & BANANAS,1011004733,810110047334,2,30.0,THCA PRODUCTS
AQUA MENTHOL 3MG PURE,0175420417,601754204173,1,12.0,VAPE JUICES
SAD BOY SALT 48MG BUTTER COOKIE,8004289300,780042893005,0,15.0,VAPE JUICES
SMOK RPM 80 KIT FLUID BLUE,4069564102,6940695641024,0,40.0,DEVICES: BATTERIES & MODS
NAKED 12MG CRISP MENTHOL,4009460153,840094601536,2,18.0,VAPE JUICES
SMOK NOVO X KIT BLACK COBRA,4069564795,6940695647958,0,46.0,DEVICES: BATTERIES & MODS
SMOK TFV18 TANK GOLD,4069567311,6940695673117,0,40.0,DEVICES: BATTERIES & MODS
SMOK NOVO 3 KIT RED COBRA,4069564732,6940695647323,0,30.0,DEVICES: BATTERIES & MODS
HI DRIP ICE 3MG NECTARINE LYCHEE,5001399794,0000,0,18.0,VAPE JUICES
SAD BOY 3MG BUTTER COOKIE,8004289256,0000,0,18.0,VAPE JUICES
RAZ LTX 25K GEORGIA PEACH,7286650774,6972866507747,0,35.0,NICOTINE VAPES
EXOTIC CARTS 1GR DISPOSABLE VAPE,9999939398,0000,0,35.0,THCA PRODUCTS
RAZ LTX 25K STRAWBERRY BURST,7286650756,6972866507563,0,35.0,NICOTINE VAPES
FUME EXTRA SUMMER BLACK ICE,7471014700,6974710147000,8,13.0,NICOTINE VAPES
RAZ LTX 25K BLUE RAZ GUSH,7031364858,6970313648586,0,35.0,NICOTINE VAPES
RAZ LTX 25K TROPICAL GUSH,7031364856,6970313648562,0,35.0,NICOTINE VAPES
RAZ 9K TOBACCO,7598405522,6975984055220,0,30.0,NICOTINE VAPES
ZYN 6MG SPEARMINT,0924990202,609249902023,0,9.99,TOBACCO PRODUCTS
FUME EXTRA MIAMI MINT,7471014668,6974710146683,2,13.0,NICOTINE VAPES
GEEKBAR ICEYMINTZ,1016428261,810164282613,0,30.0,NICOTINE VAPES
FUME ZERO PEACH ICE,4182171236,6941821712366,0,15.0,NICOTINE VAPES
GAME GRAPE,3170005805,031700058053,30,1.5,TOBACCO PRODUCTS
GAME HONEY,3170005803,031700058039,8,1.5,TOBACCO PRODUCTS
GEEKBAR X BLUE RANCHER,1012543828,810125438288,0,35.0,NICOTINE VAPES
GEEKBAR X STRAWBERRY WATERMELON,1016428177,810164281777,0,35.0,NICOTINE VAPES
BB PEN 3GR THCP SATIVA HAZELNUT CREAM,9823228183,598232281835,0,36.0,THCA PRODUCTS
TORCH PRESSURE DISPOSABLE 3.5GR SATIVA ZKITTLE POP,1014247859,810142478595,0,30.0,THCA PRODUCTS
TORCH PRESSURE DISPOSABLE 3.5GR INDICA BLACK CHERRY GELATO,1014247881,810142478816,0,30.0,THCA PRODUCTS
SMAKD CART 2GR INDICA PURPLE OCTANE,8834522307,288345223074,1,25.0,THCA PRODUCTS
SMAKD CART 2GR HYBRID LEMON RUNTZ,8834522309,288345223098,4,25.0,THCA PRODUCTS
FLAMINGO 25K COLA ICE,6855682718,768556827181,2,16.99,NICOTINE VAPES
FLAMINGO 25K RAINBOW CANDY,6855682716,768556827167,3,16.99,NICOTINE VAPES
FLAMINGO 25K BLUEBERRY ICE,6855682712,0000,5,16.99,NICOTINE VAPES
FLAMINGO 25K WATERMELON ICE,6855682709,768556827099,0,16.99,NICOTINE VAPES
FLAMINGO 25K PINK LEMONADE,6855682714,768556827143,3,16.99,NICOTINE VAPES
FLAMINGO 25K MIAMI MINT,6855682710,768556827105,0,16.99,NICOTINE VAPES
FLAMINGO 25K MANGO ICE,6855682715,768556827150,2,16.99,NICOTINE VAPES
FLAMINGO 25K CLEAN CREAM,6855682711,0000,5,16.99,NICOTINE VAPES
FLAMINGO 25K JUICY PEACH ICE,6855682713,768556827136,4,16.99,NICOTINE VAPES
FLAMINGO 25K UNICORN,6855682717,768556827174,0,16.99,NICOTINE VAPES
LIFTED LOLLIES WATERMELON,7882216078,678822160785,0,3.0,EDIBLES
HOLLYWEED 3.5 GRAM,"810161220328, 1016122035",0000,-1,45.0,THCA PRODUCTS
RAZ LTX 25K BLUEBERRY PUNCH,"7827153002, 7827153041",6978271530417,0,35.0,NICOTINE VAPES
AL FAKHER 50G MELON,9110816157,0000,10,5.99,HOOKAH RELATED
FUME 50MG BLACK ICE,4182170082,6941821700820,4,15.0,VAPE JUICES
CAMEL CRUSH MENTHOL KINGS CIGARETTES,1230000093,01239332,4,14.99,TOBACCO PRODUCTS
SWISHER SWEETS 2PK COOKIES N CREAM,2590022545,025900225452,29,1.5,TOBACCO PRODUCTS
DOZO DISPOSABLE 2.5GR INDICA PAPAYA HONEY DEW,0985117149,609851171497,0,40.0,THCA PRODUCTS
DOZO DISPOSABLE 2.5GR HYBRID RAINBOW ROPES,0985117147,609851171473,0,40.0,THCA PRODUCTS
DOZO DISPOSABLE 2.5GR SATIVA TWISTED TWIZZLERS,0985117155,609851171558,0,40.0,THCA PRODUCTS
DOZO DISPOSABLE 2.5GR SATIVA RASPBERRY LEMONADE,0985117159,609851171596,0,40.0,THCA PRODUCTS
COOKIES PEN 3GR SATIVA  APPLES BANANAS,9568228739,695682287391,7,35.0,THCA PRODUCTS
COOKIES PEN 3GR SATIVA BLUE RAZ,9568228740,695682287407,4,35.0,THCA PRODUCTS
LOOSELEAF BLUEBERRY MUFFIN CRUSH,4297884550,742978845503,1,5.0,TOBACCO PRODUCTS
SHRED MASTER GRINDERS,9999975267,0000,1,10.99,GRINDERS
SHROOMZ BLEND 6000MG WHITE CHOCOLATE,7744346618,977443466185,0,35.0,EDIBLES
HQD CUVIE PLUS TRIPLE BERRY,2374201546,6923742015467,6,14.0,NICOTINE VAPES
BB PEN 1GR THCP HYBRID SOULMATE,9823228217,598232282177,0,15.99,THCA PRODUCTS
BB 1GR THCP VAPE INDICA KOSHER KUSH,9823228213,598232282139,0,15.99,THCA PRODUCTS
BB 1GR THCP VAPE SATIVA MIAMI HAZE,9823228214,598232282146,0,15.99,THCA PRODUCTS
DOZO DISPOSABLE 2.5GR SATIVA CANDY LAND,0985117161,609851171619,0,40.0,THCA PRODUCTS
DOZO DISPOSABLE 2.5GR SATIVA BLUEBERRY BLAST,0985117163,609851171633,0,40.0,THCA PRODUCTS
DOZO DISPOSABLE 2.5GR HYBRID LEMON CHERRY GELATO,0985117145,609851171459,0,40.0,THCA PRODUCTS
HQD CUVIE PLUS SOUR APPLE ICE,2374201534,6923742015344,2,14.0,NICOTINE VAPES
HQD CUVIE PLUS MEXICAN MANGO,2374201525,6923742015252,3,14.0,NICOTINE VAPES
LOOSELEAF COOKIES CINNAMON MILK,"1015986344, 1015986277",810159862776,-1,3.0,TOBACCO PRODUCTS
FUME PRO 30K STRAWBERRY BANANA,4182173560,6941821735600,4,30.0,NICOTINE VAPES
FUME PRO 30K MIAMI MINT,4182173567,6941821735679,9,30.0,NICOTINE VAPES
FUME PRO 30K FLORIDA TROPICAL BREEZE,4182173562,6941821735624,0,30.0,NICOTINE VAPES
FUME PRO 30K DUBAI CHOCOLATE,4182173569,6941821735693,5,30.0,NICOTINE VAPES
FUME PRO 30K POLAR ICE,4182173568,6941821735686,4,30.0,NICOTINE VAPES
FUME PRO 30K FREEZER ICE,4182173553,6941821735532,3,30.0,NICOTINE VAPES
FUME PRO 30K STRAWBERRY WIND,4182173556,6941821735563,1,30.0,NICOTINE VAPES
FUME PRO 30K PEACH ICE,4182173555,6941821735556,3,30.0,NICOTINE VAPES
COOKIES PEN 3GR SATIVA TEQUILA SUNRISE,9568228742,695682287421,0,35.0,THCA PRODUCTS
POSEIDON DELFINO V2,7581983310,6975819833108,3,19.99,DEVICES: BATTERIES & MODS
ZYN 3MG SPEARMINT,0924990201,609249902016,1,9.99,TOBACCO PRODUCTS
ZYN 6MG WINTERGREEN,0924990302,609249903020,1,9.99,TOBACCO PRODUCTS
COOKIES PEN 3GR INDICA ADIOS MOTHER FCKER,9568229024,695682290247,8,35.0,THCA PRODUCTS
RAZ LTX 25K TRIPLE BERRY PUNCH,7827153004,6978271530042,0,35.0,NICOTINE VAPES
MUFFINS 2GR PRE-ROLL SATIVA LEMON DRIZZLE,1331063452,713310634529,0,7.0,THCA PRODUCTS
MUFFINS DIAMOND 1.25GR PRE-ROLL INDICA BERRY BOMB,1331063472,713310634727,0,7.0,THCA PRODUCTS
MUFFINS DIAMOND 1.25GR PRE-ROLL SATIVA BROWNIE BATTER,1331063471,713310634710,0,7.0,THCA PRODUCTS
MUFFINS DIAMOND 1.25GR PRE-ROLL HYBRID CEREAL MILK,1331063473,713310634734,0,7.0,THCA PRODUCTS
ZYN 3MG COOL MINT,0924990004,609249900043,3,9.99,TOBACCO PRODUCTS
UFO GRINDER,9999915975,0000,2,25.0,GRINDERS
YOCAN CYLO DEVICE KIT,7588608511,6975886085110,1,40.0,DEVICES: BATTERIES & MODS
PULSAR APX SMOKER V3 KIT,4025080034,840250800346,1,75.0,DEVICES: BATTERIES & MODS
YOCAN EVOLVE PEN KIT SILVER,7115422241,6971154222416,1,35.0,DEVICES: BATTERIES & MODS
YOCAN ARMOR PEN KIT ROYAL BLUE,7115422309,6971154223093,1,25.0,DEVICES: BATTERIES & MODS
VAPORESSO XROS 3 KIT FRESH GREEN,4349863307,6943498633074,0,35.0,DEVICES: BATTERIES & MODS
BLACK & MILD WINE SINGLE PLASTIC TIP,7013710523,070137105237,11,1.5,TOBACCO PRODUCTS
MOCHI GUMMIES 2PK,"6915218206, 6915218203, 6915218200",769152182032,3,8.99,EDIBLES
BB 1GR THCP VAPE INDICA HINDU KUSH,9823228212,598232282122,0,15.99,THCA PRODUCTS
BB 1GR THCP VAPE SATIVA PINEAPPLE EXPRESS,9823228215,598232282153,0,15.99,THCA PRODUCTS
BB 1GR THCP VAPE HYBRID CINDERELLA 99,9823228216,598232282160,0,15.99,THCA PRODUCTS
SHRUMFUZED 2PK GUMMY BLEND,6616272434,766162724344,5,9.99,EDIBLES
SUPER LOOPER DISPOSABLE 1GR SATIVA LAUGHING GAS,1011004734,810110047341,0,30.0,THCA PRODUCTS
SWISHER SWEETS MINI TWIN PK,2590020604,025900206048,5,10.0,TOBACCO PRODUCTS
KING WRAPS CIGARS,1172045832,611720458325,3,1.0,TOBACCO PRODUCTS
ROLLING BLUNTS 2PK SWEET,8813592003,788135920034,1,1.0,TOBACCO PRODUCTS
ROLLING BLUNTS 2PK WHITE GRAPE,8813591001,788135910011,1,1.0,TOBACCO PRODUCTS
BLUNT MASTER 2PK CIGAR WRAPS NATURAL,1261501005,812615010059,17,1.0,TOBACCO PRODUCTS
BLUNT MASTER 2PK CIGAR WRAPS KUSH,1261501003,812615010035,0,1.0,TOBACCO PRODUCTS
COCO NARA 60CT BOX,8700055311,5287000553117,2,12.99,HOOKAH RELATED
LOOSELEAF COTTON CANDY CRUSH,5823873568,658238735685,7,5.0,TOBACCO PRODUCTS
HIGH VALUE EXOTIC THC PREROLL,"JellyRancher, IceCreamCake",0000,-17,12.0,THCA PRODUCTS
PILLOW TALK NIC CONTROL 40K SIMPLE MINT,1202409055,812024090550,0,15.99,NICOTINE VAPES
NEWPORT BOX CIGARETTES,2610000575,02657512,8,12.99,TOBACCO PRODUCTS
RAZ LTX 25K FROZEN DRAGONFRUIT LEMON,7286650744,6972866507440,0,35.0,NICOTINE VAPES
CUVIE 2.0 NO NICOTINE STRAWBERRY BANANA,3710545792,6937105457924,4,15.0,NICOTINE VAPES
CUVIE 2.0 NO NICOTINE BLACK ICE,3710545796,6937105457962,4,15.0,NICOTINE VAPES
CUVIE 2.0 NO NICOTINE MINT,3710545800,6937105458006,4,15.0,NICOTINE VAPES
YOCAN ADAPTER,9999944613,0000,5,5.0,DEVICES: BATTERIES & MODS
BURN HEMP GAS PACK 4G *SALE*,3403812250,734038122501,0,20.0,THCA PRODUCTS
HQD CUVIE PLUS LUXURY MINT,2374201519,6923742015191,0,14.0,NICOTINE VAPES
HQD CUVIE MARS BLACK DRAGON,3710542628,6937105426289,3,20.0,NICOTINE VAPES
COOKIES PEN 3GR INDICA CEREAL MILK,9568228741,695682287414,8,35.0,THCA PRODUCTS
MUFFINS DIAMOND 1.25GR PRE-ROLL HYBRID BANANA BREAD,1331063474,713310634741,0,7.0,THCA PRODUCTS
MUFFINS DIAMOND 1.25GR PRE-ROLL INDICA RAINBOW SPRINKLES,1331063475,713310634758,0,7.0,THCA PRODUCTS
HOOKALIT VAPE COOL MINT,7556984692,6975569846922,3,35.0,NICOTINE VAPES
HOOKALIT VAPE LADY KILLER,7785560012,6977855600126,3,35.0,NICOTINE VAPES
HOOKALIT VAPE BLUEBERRY ICE,7556984958,6975569849589,3,35.0,NICOTINE VAPES
HOOKALIT VAPE PEACH MANGO WATERMELON,7556984690,6975569846908,2,35.0,NICOTINE VAPES
HOOKALIT VAPE GRAPE ICE,7556984691,6975569846915,1,35.0,NICOTINE VAPES
BODEGA BOYZ PRE-ROLLS,5006597501,850065975016,26,3.5,ROLLING PAPERS & CONES
COOKIES PEN 3GR SATIVA HOLLYWOOD,9568229025,695682290254,0,35.0,THCA PRODUCTS
RAZ 9K ZERO NICOTINE MIAMI MINT,7598405992,6975984059921,0,30.0,NICOTINE VAPES
BB MOONROCK PRE ROLL 2GR HYBRID GRENADINE,9823228158,598232281583,8,12.0,THCA PRODUCTS
SMAKD GUMMIES 1000MG MALIBU SUNSET 2PK,9965334515,699653345158,5,8.0,EDIBLES
VAPORESSO XROS PRO KIT SILVER,4349865339,6943498653393,0,52.0,DEVICES: BATTERIES & MODS
VAPORESSO XROS PRO KIT BLACK,4349865338,6943498653386,1,45.0,DEVICES: BATTERIES & MODS
FRUIT MONSTER 6MG STRAWBERRY KIWI POMEGRANATE,1002278910,710022789103,1,18.0,VAPE JUICES
GOLD SPECTRUM THCP DISPOSABLE *SALE*,"1017750185, 1017750187",810177501879,0,20.0,THCA PRODUCTS
GEEKBAR X ORANGE FCUKING FAB,1012543836,810125438363,0,35.0,NICOTINE VAPES
GEEKBAR ORANGE MINT SAVERS,1016428370,810164283702,0,30.0,NICOTINE VAPES
LOOSELEAF RUSSIAN CREAM,1015986153,810159861533,16,3.0,TOBACCO PRODUCTS
HQD CUVIE PLUS BLACK DIAMOND,3710546387,6937105463871,0,14.0,NICOTINE VAPES
RAW PAPER CLASSIC CONNOISSEUR PAPER 1/4 SIZE + TIPS,1616517610,716165176107,17,3.5,ROLLING PAPERS & CONES
TREE HOUSE MUSHROOM CHOCOLATE COOKIES & CREAM 50GR,1013537006,810135370066,0,35.0,EDIBLES
DOSILATO INDICA 3.5G THCA,5005259460,850052594602,0,20.0,THCA PRODUCTS
GEEKBAR CREAMYMINTZ,1016428259,810164282590,0,30.0,NICOTINE VAPES
GEEKBAR TROPICAL RAINBOW BLAST,1012543468,810125434686,0,30.0,NICOTINE VAPES
BB MOONROCK PRE ROLL 2GR SATIVA DESERT SKUNK,9823228154,598232281545,0,12.0,THCA PRODUCTS
BB MOONROCK PRE ROLL 2GR SATIVA MAUI WOWIE,9823228153,598232281538,10,12.0,THCA PRODUCTS
BB 2GR PRE ROLL MOONROCK HYBRID BLUE ZUSHI,9823228251,598232282511,0,12.0,THCA PRODUCTS
BB MOONROCK PRE ROLL 2GR INDICA BLUE CHEESE,9823228155,598232281552,0,12.0,THCA PRODUCTS
BB 2GR PRE ROLL MOONROCK INDICA TROPICANA COOKIES,9823228257,598232282573,0,12.0,THCA PRODUCTS
PILLOW TALK NIC CONTROL 40K PURE TOBACCO,1202409057,812024090574,0,15.99,NICOTINE VAPES
PILLOW TALK NIC CONTROL 40K COOL MINT,1202409046,812024090468,0,15.99,NICOTINE VAPES
SMAKD PEN 2GR SATIVA HOLY GRAIL KUSH,5677338713,356773387139,5,25.99,THCA PRODUCTS
SMAKD THC VAPE 2GR INDICA DESERT LIME,5677338715,356773387153,5,25.99,THCA PRODUCTS
MARLBORO RED 100'S CIGARETTES,2820000363,02836328,16,14.99,TOBACCO PRODUCTS
NEXA  35K BLUE RAZZ ICE,9713654919,4897136549192,5,30.0,NICOTINE VAPES
NEXA 35K PEACH DIVE,9713654922,4897136549222,3,30.0,NICOTINE VAPES
NEXA 35K MIAMI MINT,9713654920,4897136549208,0,30.0,NICOTINE VAPES
NEXA 35K FCUKING FAB,9713654863,4897136548638,5,30.0,NICOTINE VAPES
NEXA 35K STRAWBERRY ICE,9713654861,4897136548614,4,30.0,NICOTINE VAPES
NEXA 35K WATERMELON ICE,9713654860,4897136548607,0,30.0,NICOTINE VAPES
POLKA DOT MAGIC MUSHROOM BAR COOKIES AND CREAM SWIRL 60GR,8464668650,684646686509,0,35.0,EDIBLES
POLKA DOT MAGIC MUSHROOM BAR THE ORIGINAL 60GR,8464668658,684646686585,1,35.0,EDIBLES
ZLAND VAPING DEVICE BLACK,1015875350,810158753501,0,13.99,NICOTINE VAPES
ZLAND VAPING DEVICE RED,1015875352,810158753525,0,13.99,NICOTINE VAPES
ZLAND POD 15K BLUEBERRY,1015875452,810158754522,0,13.99,NICOTINE VAPES
ZLAND POD 15K GREEN APPLE,1015875449,810158754492,0,13.99,NICOTINE VAPES
ZLAND POD 15K MINT COOL,1019052897,810190528976,-1,13.99,NICOTINE VAPES
ZLAND POD 15K BERRY MIX,1015875471,810158754713,0,13.99,NICOTINE VAPES
ZLAND POD 15K BLOW POP,1015875432,810158754324,0,13.99,NICOTINE VAPES
ZLAND POD 15K RAINBOW RAIN,1015875431,810158754317,0,13.99,NICOTINE VAPES
SMAKD PEN 2GR SATIVA TANGERINE DREAM,5677338712,356773387122,5,25.99,THCA PRODUCTS
WAGYU PRE-ROLL SATIVA BLACK DIESEL,2530547460,725305474607,0,7.0,THCA PRODUCTS
WAGYU PRE-ROLL INDICA TRUFFLE BUTTER,2530547458,725305474584,0,7.0,THCA PRODUCTS
TRIPPY HOURS MUSHROOM GUMMIES 3000MG 10CT BERRY BLAST,5005259443,850052594435,0,25.0,EDIBLES
RAZ LTX 25K WHITE GRAPE GUSH,7031364854,6970313648548,0,35.0,NICOTINE VAPES
SNIPE DISPOSABLE 2.5GR INDICA SNIPPER OG,5006791901,850067919018,0,15.99,THCA PRODUCTS
SNIPE DISPOSABLE 2.5GR HYBRID AK47,5006791917,850067919179,0,15.99,THCA PRODUCTS
GRABBA LEAF CRUSHED,5590600752,855906007529,16,3.0,TOBACCO PRODUCTS
RED RIVER PIPE TOBACCO 6OZ,1261500341,0000,2,25.0,TOBACCO PRODUCTS
SNIPE 2GR PRE-ROLL HYBRID PURPLE SPACE COOKIES,5006791934,850067919346,0,5.0,THCA PRODUCTS
SUPER LOOPER DISPOSABLE 1GR INDICA PRESIDENTIAL OG,1011004735,810110047358,0,30.0,THCA PRODUCTS
PUFF LA THC DISPOSABLE 2GR,9999956139,0000,0,45.0,THCA PRODUCTS
VAPORESSO AMOUR S KIT CYBER GOLD,4349860003,6943498600038,0,90.0,DEVICES: BATTERIES & MODS
VAPORESSO GEN MAX KIT GRADIENT PURPLE,4349867298,6943498672981,0,95.0,DEVICES: BATTERIES & MODS
SMOK NOVO 3 KIT IML GOLD COBRA,4069564733,0000,1,30.0,DEVICES: BATTERIES & MODS
VGOD SALT 50MG CUBANO BLACK,1836802398,0000,2,15.99,VAPE JUICES
VGOD SALT 25MG CUBANO BLACK,1836802397,0000,2,15.99,VAPE JUICES
VGOD SALT 50MG LUSH ICE,1836802362,0000,2,15.99,VAPE JUICES
OOZE TANKER BATTERY,4021240559,840212405596,3,29.99,DEVICES: BATTERIES & MODS
YOCAN UNI PRO BLACK,7588608851,0000,1,35.0,DEVICES: BATTERIES & MODS
YOCAN UNI PRO PINK,7588608856,0000,1,35.0,DEVICES: BATTERIES & MODS
AMERICAN SPIRIT ORGANIC POUCH,4799500082,047995000820,3,35.99,TOBACCO PRODUCTS
AFTER HOURS TRIPPY GUMMIES WATERMELON 10PK,5005259438,850052594381,2,29.0,EDIBLES
POSEIDON ALIENS,7581983326,0000,1,25.0,DEVICES: BATTERIES & MODS
STACHE GRYNDER PURPLE,2158391604,0000,1,30.0,GRINDERS
STACHE GRYNDER BLUE,2158391504,0000,1,30.0,GRINDERS
RAZ LTX 25K ZERO NICOTINE BLUEBERRY WATERMELON,7286650302,6972866503022,1,35.0,NICOTINE VAPES
SNIPE PRE ROLL 2GR SATIVA PURPLE HAZE,5006791933,850067919339,0,5.0,THCA PRODUCTS
SNIPE 2GR PRE-ROLL INDICA GUERILLA OG,5006791930,850067919308,0,5.0,THCA PRODUCTS
SNIPE 2GR PRE-ROLL HYBRID SOUL ASSASSIN,5006791929,850067919292,0,5.0,THCA PRODUCTS
FUME ULTRA POLAR ICE,7471014730,6974710147307,6,16.0,NICOTINE VAPES
FUME PRO 30K BLACK ICE,4182173561,6941821735617,5,30.0,NICOTINE VAPES
FUME PRO 30K TRIPLE BERRY ICE,4182173558,6941821735587,4,30.0,NICOTINE VAPES
LIFTED LOLLIES 30MG WATERMELON,7882200029,678822000296,9,3.99,EDIBLES
LIFTED LOLLIES 30MG SOUR APPLE,7882200031,0000,7,3.99,EDIBLES
LIFTED LOLLIES 30MG PINEAPPLE,7882200030,678822000302,10,3.99,EDIBLES
GREEN DIAMOND JOINT INDICA 1GR,0525812213,605258122131,0,8.0,THCA PRODUCTS
305'S MENTHOL GOLD 100'S CIGARETTES,0921561532,709215615329,5,6.0,TOBACCO PRODUCTS
FRYD DISPOSABLE 2GR INDICA KIWI KUSH BERRY,9999936797,0000,0,30.0,THCA PRODUCTS
FRYD DISPOSABLE 2GR SATIVA BERRY ZKITTLES,9999915307,0000,0,30.0,THCA PRODUCTS
FRYD DISPOSABLE 2GR HYBRID MYSTERY FUN DRIP,9999962475,0000,0,30.0,THCA PRODUCTS
AFTER HOURS MUSHROOM CHOCOLATE BAR 5GR,3485532469,634855324693,0,35.0,EDIBLES
PACKMAN MINI PRE-ROLL SATIVA PAPAYA PUNCH,9999996018,0000,0,5.0,THCA PRODUCTS
PACKMAN MINI PRE-ROLL INDICA BUBBLE BATH,9999926154,0000,0,5.0,THCA PRODUCTS
PACKMAN MINI PRE-ROLL HYBRID RAINBOW RODE,9999953410,0000,0,5.0,THCA PRODUCTS
VIBES CONE 3PK ULTRA THIN CALI,1005513457,810055134571,6,3.5,ROLLING PAPERS & CONES
LOOSE LEAF VANILLA ICE CREAM CRUSH,4297884655,742978846555,8,5.0,TOBACCO PRODUCTS
COCO NARA CHARCOAL 20CT BOX,8700055310,5287000553100,3,5.99,HOOKAH RELATED
WHIFF ROSE LEMONADE,3807775541,6938077755414,3,10.0,NICOTINE VAPES
WHIFF CHILLY MANGO,3807775549,6938077755490,5,10.0,NICOTINE VAPES
WHIFF BANANA PUDDING CHOCOLATE,3807775547,6938077755476,3,10.0,NICOTINE VAPES
WHIFF BLUE RAZZ LEMONADE,3807775546,6938077755469,1,10.0,NICOTINE VAPES
WHIFF PEACH COCONUT,3807775551,6938077755513,6,10.0,NICOTINE VAPES
WHIFF PINEAPPLE GUMMY BEAR,3807775552,6938077755520,0,10.0,NICOTINE VAPES
WHIFF APPLE CRISP,3807775544,6938077755445,1,10.0,NICOTINE VAPES
WHIFF ICED LATTE,3807775555,6938077755551,4,10.0,NICOTINE VAPES
RAZ LTX 25K FROZEN CHERRY PIE,7286650750,6972866507501,0,35.0,NICOTINE VAPES
RAZ 9K BLACK CHERRY PEACH,7598405750,6975984057507,0,30.0,NICOTINE VAPES
VAPORESSO LUXE XR MAX 2 BLACK,4349862919,6943498629190,0,45.99,DEVICES: BATTERIES & MODS
ZLAND POD 15K BANANA,1015875444,810158754447,2,13.99,NICOTINE VAPES
ZLAND POD 15K GRAPE,1015875448,810158754485,2,13.99,NICOTINE VAPES
ZLAND POD 15K WATERMELON,1015875454,810158754546,0,13.99,NICOTINE VAPES
ZLAND VAPING DEVICE GRAY,1015875351,810158753518,0,13.99,NICOTINE VAPES
AFTER HOURS 1.5GR PRE-ROLL PRSNLS NERDS HYBRID,5005259406,850052594060,49,8.0,THCA PRODUCTS
AFTER HOURS THCA BADDER 4GR HYBRID STRAWBERRY COUGH,6000163819,860001638196,4,35.0,THCA PRODUCTS
AFTER HOURS THCA BADDER 4GR SATIVA HONEY BUNZ,5005259434,0000,1,35.0,THCA PRODUCTS
AFTER HOURS THCA BADDER 4GR SATIVA TIRAMISU,6000163814,0000,1,35.0,THCA PRODUCTS
AFTER HOURS THCA BADDER 4GR INDICA BABY YODA,5005259435,0000,1,35.0,THCA PRODUCTS
AFTER HOURS THCA BADDER 4GR INDICA SKYWALKER OG,6000163815,0000,1,35.0,THCA PRODUCTS
SNIPE DISPOSABLE 5GR HYBRID AK-47,5007198614,0000,0,39.0,THCA PRODUCTS
SNIPE DISPOSABLE 5GR SATIVA AR-15,5007198618,850071986181,0,39.0,THCA PRODUCTS
SNIPE 2GR PRE-ROLL INDICA ROZAY,5006791932,850067919322,1,5.0,THCA PRODUCTS
SMAKD BUNDLE TRIPLE THREAT HYBRID,5701237516,157012375166,2,45.0,THCA PRODUCTS
SMAKD BUNDLE TRIPLE THREAT INDICA,5701237514,157012375142,0,45.0,THCA PRODUCTS
SMAKD BUNDLE TRIPLE THREAT SATIVA,5701237518,157012375180,1,45.0,THCA PRODUCTS
DESTINO FARMS 1.2GR PRE-ROLL INDICA MILKY WAY,2175029737,721750297372,9,13.0,THCA PRODUCTS
DESTINO FARMS 1.2GR PRE-ROLL HYBRID BLUE DREAM,2175020823,721750208231,11,13.0,THCA PRODUCTS
DESTINO FARMS 1.2GR PRE-ROLL SATIVA LEMON PIE,2175021469,721750214690,5,13.0,THCA PRODUCTS
NEXA 35K JUICY GRAPE,9713654853,4897136548539,3,30.0,NICOTINE VAPES
NEXA 35K FROZEN BANANA,9713654859,4897136548591,8,30.0,NICOTINE VAPES
PURE LEAF 3.5GR FLOWER,9999991498,0000,0,30.0,THCA PRODUCTS
COCO NARA CHARCOAL 1KG,8700055309,5287000553094,0,20.0,HOOKAH RELATED
GEEKBAR FROZEN BLACKBERRY FAB,1012543908,810125439087,0,30.0,NICOTINE VAPES
GEEKBAR DROP SOUR SAVERS,1016428378,810164283788,0,30.0,NICOTINE VAPES
GEEKBAR STRAWBERRY MANGO,1012543476,810125434761,1,30.0,NICOTINE VAPES
GEEKBAR PINEAPPLE SAVERS,1016428374,810164283740,0,30.0,NICOTINE VAPES
RAZ LTX 25K ICED BLUE DRAGON,7286650758,6972866507587,0,35.0,NICOTINE VAPES
DOZO JOINTS,9999940598,0000,0,9.0,THCA PRODUCTS
BOUTIQ SWITCH DISPOSABLE 2GR,9999931599,0000,0,45.0,THCA PRODUCTS
HITZ DISPOSABLE 2GR HYBRID LUSH ICE,9999910416,0000,0,45.0,THCA PRODUCTS
DOZO DISPOSABLE 2.5GR INDICA ZANANA GLUE,9983886386,699838863866,0,40.0,THCA PRODUCTS
CHOICES LAB DISPOSABLE 2GR INDICA TROPICAL LIME,9999983344,0000,0,40.0,THCA PRODUCTS
CHOICES LAB DISPOSABLE 2GR SATIVA BERRY GELATO,9999991341,0000,0,40.0,THCA PRODUCTS
GEEKBAR X BLUE RAZZ ICE,"1012543840, 1012543926",810125438400,3,35.0,NICOTINE VAPES
GEEKBAR X WHITE PEACH RASPBERRY,1012543996,810125439964,0,35.0,NICOTINE VAPES
SMAKD GUMMIES 10KMG 5PK BERRY BLAST,5811888658,158118886587,0,21.0,EDIBLES
LOST MARY PRO SCARY BERRY,5671640609,5056716406099,1,25.0,NICOTINE VAPES
TORCH LIVE DISPO 4GR SATIVA HONEY DEW MELON,0142485472,0000,0,45.99,THCA PRODUCTS
TORCH LIVE DISPO 4GR CHERRY PIE BANANA OG,1014247107,0000,5,45.99,THCA PRODUCTS
TORCH LIVE DISPO 4GR COCONUT CREAM RASPBERRY RUNTZ,1014247093,810142470933,0,45.99,THCA PRODUCTS
TORCH LIVE DISPO 4GR INDICA BUBBLEGUM KUSH,1014247099,0000,0,45.99,THCA PRODUCTS
TORCH LIVE DISPO 4GR HYBRID SATIVA VANILLA FROSTING,1014247103,0000,0,45.99,THCA PRODUCTS
TORCH LIVE DISPO 4GR HYBRID SATIVA STRAWBERRY COUGH,1014247105,0000,0,45.99,THCA PRODUCTS
TORCH LIVE DISPO 4GR PEACH COBBLER PINK LEMONADE KUSH,0142485475,0000,5,45.99,THCA PRODUCTS
TORCH LIVE DISPO 4GR CINNAMON COOKIES TANGIE DREAM,1014247097,0000,5,45.99,THCA PRODUCTS
TORCH LIVE DISPO 4GR GREEN APPLE DIESEL COTTON CANDY KUSH,1014247101,810142471015,2,45.99,THCA PRODUCTS
TORCH LIVE DISPO 4GR PINEAPPLE EXPRESS GRAPE APE,1014247089,810142470896,0,45.99,THCA PRODUCTS
TORCH LIVE DISPO 4GR WATERMELON ZKITTLEZ ORANGE CREAMSICLE,1014247109,810142471091,0,45.99,THCA PRODUCTS
TORCH LIVE DISPO 4GR BLUEBERRY KUSH MANGO HAZE,1014247087,810142470872,0,45.99,THCA PRODUCTS
AFTER HOURS 1.5GR PRE-ROLL PRSNLS HYBRID SHERBET,5005259403,850052594039,17,8.0,THCA PRODUCTS
AFTER HOURS 1.5GR PRE-ROLL PRSNLS SATIVA GREEN CRACK,5005259401,850052594015,47,8.0,THCA PRODUCTS
AFTER HOURS 1.5GR PRE-ROLL PRSNLS INDICA JELLO CAKE,5005259405,850052594053,49,8.0,THCA PRODUCTS
AFTER HOURS 1.5GR PRE-ROLL PRSNLS INDICA OCTANE GAS,5005259404,850052594046,30,8.0,THCA PRODUCTS
AFTER HOURS 1.5GR PRE-ROLL PRSNLS SATIVA BLUE DREAM PIE,9999922410,0000,16,8.0,THCA PRODUCTS
TORCH PRESSURE 3.5G HYBRID GLITTER BOMB,1014247863,810142478632,0,30.0,THCA PRODUCTS
TORCH PRESSURE 3.5G SATIVA MANGO ORANGE RUNTZ,1014247857,810142478571,1,30.0,THCA PRODUCTS
TORCH PRESSURE 3.5G SATIVA LYCHEE MARTINI,1014247875,810142478755,2,30.0,THCA PRODUCTS
BB MOONROCK HASH PRE ROLL 2GR INDICA BLACK FROST,9823228205,598232282054,8,12.0,THCA PRODUCTS
DESTINO FARMS 1.2GR PRE-ROLL INDICA STRAWBERRY SHORTCAKE,2175011005,721750110053,0,13.0,THCA PRODUCTS
POLKA DOT MAGIC MUSHROOM BAR CINNAMON FRENCH TOAST 60GR,8397081264,783970812643,0,35.0,EDIBLES
POLKA DOT MAGIC MUSHROOM BAR TORRONE DELIGHT 60GR,8397081271,783970812711,0,35.0,EDIBLES
POLKA DOT MAGIC MUSHROOM BAR WONDERFUL WAFER 60GR,9999934461,0000,0,35.0,EDIBLES
AL FAKHER 250G WATERMELON MINT,9110816059,6291108160596,1,25.99,HOOKAH RELATED
AL FAKHER TWO APPLES 1000MG,9110073206,6291100732067,1,80.0,HOOKAH RELATED
FUME ZERO SOUR APPLE,4182172636,0000,10,18.0,NICOTINE VAPES
LOST MARY TURBO 35K MIAMI MINT,5671640695,5056716406952,8,27.99,NICOTINE VAPES
LOST MARY TURBO 35K BLUE RAZZ ICE,5671640693,5056716406938,1,27.99,NICOTINE VAPES
BB PEN 3GR THCP SATIVA MIAMI HAZE,9823228182,598232281828,0,36.0,THCA PRODUCTS
BB PEN 3GR THCP INDICA WATERMELON KUSH,9823228180,598232281804,1,36.0,THCA PRODUCTS
BB PEN 3GR THCP HYBRID ANIMAL BREATH,9823228181,598232281811,0,36.0,THCA PRODUCTS
BB MOONROCK HASH PRE ROLL 2GR HYBRID CANDY RAIN,9823228255,598232282559,0,12.0,THCA PRODUCTS
SNIPE PRE ROLL 2GR SATIVA 007,5006791927,850067919278,-1,5.0,THCA PRODUCTS
GEEKBAR B-BURST,1012543596,810125435966,0,30.0,NICOTINE VAPES
GEEKBAR X BLACKBERRY B-BURST,1012543830,810125438301,5,35.0,NICOTINE VAPES
GEEKBAR X LEMON HEADS,1012543816,810125438165,1,35.0,NICOTINE VAPES
BB 2GR PRE ROLL MOONROCK HASH INDICA BANANA OG,9823228256,598232282566,0,12.0,THCA PRODUCTS
SMAKD SINGLE GUMMY TROPICAL FRUIT 2000MG,5804377888,158043778889,0,4.0,EDIBLES
BYO HOOKAH CHARCOAL BURNER 1000W,4814601593,0000,2,25.0,HOOKAH RELATED
VGOD TRICKTANK PRO RDTA COPPER KIT,1836802623,818368026231,1,30.0,DEVICES: BATTERIES & MODS
KTS CHROME GOLD DEVICE KIT,9999979693,0000,1,25.0,DEVICES: BATTERIES & MODS
DESTINO FARMS 1.2GR PRE-ROLL SATIVA BIRD TURD,2175015944,721750159441,0,13.0,THCA PRODUCTS
DESTINO FARMS 1.2GR PRE-ROLL INDICA GELATO PIE STOMPER,2175016042,721750160423,2,13.0,THCA PRODUCTS
GEEKBAR DRAGON MELON,1012543676,810125436765,0,30.0,NICOTINE VAPES
VAPORESSO XROS 4 NANO KIT AQUAMARINE,4349868265,0000,1,45.0,DEVICES: BATTERIES & MODS
VAPORESSO XROS 4 NANO KIT TWILIGHT PURPLE,4349868261,0000,1,45.0,DEVICES: BATTERIES & MODS
VAPORESSO ARMOUR GS KIT BLACK,4349860092,0000,1,80.99,DEVICES: BATTERIES & MODS
VAPORESSO XROS 4 MINI CHAMPAGNE GOLD,4349869715,0000,1,23.0,DEVICES: BATTERIES & MODS
FRUIT MONSTER 6MG PASSIONFRUIT ORANGE GUAVA,1002278930,0000,1,18.0,VAPE JUICES
FRUIT MONSTER 48MG ICE MANGO PEACH GUAVA,1002278872,0000,1,16.0,VAPE JUICES
VAPORESSO ARMOUR S,4349860002,6943498600021,1,89.0,DEVICES: BATTERIES & MODS
YOCAN HIT 2 DRY HERB,7588608813,6975886088135,1,50.0,DEVICES: BATTERIES & MODS
VAPORESSO ECO NANO 2 RED,4349866603,6943498666034,1,27.99,DEVICES: BATTERIES & MODS
VAPORESSO ECO NANO 2 BLUE,4349866604,6943498666041,1,27.99,DEVICES: BATTERIES & MODS
FRUIT MONSTER 24MG ICE MANGO PEACH GUAVA,1002278871,710022788717,1,16.0,VAPE JUICES
FRUIT MONSTER 48MG ICE MIXED BERRY,1002278877,710022788779,1,16.0,VAPE JUICES
LOST MARY ULTRASONIC 35K SOUR APPLE ICE,5671640645,5056716406457,0,27.99,NICOTINE VAPES
NEXA FLEX 30K WATERMELON ICE,9713654493,4897136544937,1,30.0,NICOTINE VAPES
COOKIES DUAL CHAMBER DISPOSABLE 1GR,9999992914,0000,0,35.0,THCA PRODUCTS
DOZO PEN 2.5GR HYBRID STRAWBERRY SHORT CAKE,6720357643,767203576434,1,40.0,THCA PRODUCTS
DOZO PEN 2.5GR HYBRID ROCKET POP,8397080092,783970800923,0,40.0,THCA PRODUCTS
DOZO PEN 2.5GR INDICA PAPAYA HONEY DEW,6720357642,767203576427,1,40.0,THCA PRODUCTS
DOZO PEN 2.5GR INDICA WATERMELON ZKITTLEZ,6720357645,767203576458,3,40.0,THCA PRODUCTS
DOZO PEN 2.5GR SATIVA TWISTED TWIZZLER,8397080091,783970800916,0,40.0,THCA PRODUCTS
DOZO PEN 2.5GR SATIVA BERRY BLOW POP,6720357650,767203576502,0,40.0,THCA PRODUCTS
SUPRA HEXA STAINLESS STEEL HOOKAH,7365861743,0000,1,199.0,HOOKAH RELATED
GEEKBAR X ORANGE SLUSH,1016428274,810164282743,5,35.0,NICOTINE VAPES
GEEKBAR X PEACH JAM,1016428318,810164283184,2,35.0,NICOTINE VAPES
GEEKBAR X SOUR STRAWS,1012543990,810125439902,3,35.0,NICOTINE VAPES
TOKYO EXOTIC PREROLLS 3 PER TUBE SATIVA HOHHAIDO,5924268928,759242689282,1,25.0,THCA PRODUCTS
TOKYO EXOTIC PREROLLS 3 PER TUBE INDICA CHERRY BLOSSOM BLISS,5924268929,759242689299,1,25.0,THCA PRODUCTS
LOOSELEAF SPRINKLEZ GRABBA SMORES DELIGHT,1015986319,0000,5,5.0,TOBACCO PRODUCTS
SNIPE PRE ROLL 2GR SATIVA LOVE POTION,5006791928,850067919285,29,5.0,THCA PRODUCTS
RAZ LTX 25K PINK LEMONADE MINTY O'S,7286650666,6972866506665,0,35.0,NICOTINE VAPES
RAZ 9K BLUE RAZZ B POP,7031364140,6970313641402,0,30.0,NICOTINE VAPES
SMAKD PEN 2GR INDICA BLUE RUNTZ,5677338711,356773387115,5,25.99,THCA PRODUCTS
SMAKD PEN 2GR HYBRID DONUT SHOP,5677338714,356773387146,10,25.99,THCA PRODUCTS
RAZ 9K WHITE YUMMY GRAPE,7031364137,6970313641372,1,30.0,NICOTINE VAPES
SMAKD SINGLE GUMMY WATERMELON SPLASH 2000MG,5804377890,158043778902,35,4.0,EDIBLES
FUME 50MG STRAWBERRY WATERMELON,4182170088,6941821700882,5,15.0,VAPE JUICES
SEXY BODY GRINDER,7675870410,0000,2,35.0,GRINDERS
MUSHROOM GRINDER,5294412269,0000,2,25.0,GRINDERS
CLOUDZ GRINDER,6817386460,0000,2,16.0,GRINDERS
CHROMIUM CRUSHER GRINDER,"1200-2363, 1200-2362",0000,2,21.99,GRINDERS
SHRED MASTER RASTA GRINDER,1202-8465,0000,1,17.99,GRINDERS
ZLAND POD 15K WATERMELON ICE,1019052912,0000,3,13.99,NICOTINE VAPES
ZLAND POD 15K GUAVA,1019052882,0000,3,13.99,NICOTINE VAPES
KILLA KUSH 3.5GR SATIVA FLOWER *SALE*,6001210369,860012103690,0,25.0,THCA PRODUCTS
KILLA KUSH 1GR PRE ROLLS SATIVA *SALE*,6001210368,0000,0,10.0,THCA PRODUCTS
KILLA KUSH 0.5GR PRE ROLLS EXOTIC *SALE*,6001210367,860012103676,0,5.0,THCA PRODUCTS
KILLA KUSH 1GR PRE ROLLS BLACK BOTTLE *SALE*,9999953013,0000,0,10.0,THCA PRODUCTS
GEEKBAR STRAWBERRY SAVERS,1016428372,0000,5,30.0,NICOTINE VAPES
GEEKBAR WILD BERRY SAVERS,1016428376,810164283764,3,30.0,NICOTINE VAPES
VIVA LA HEMP 2GR JOINT HYBRID FROSTY FIZZ *SALE*,4965644370,449656443708,0,7.99,THCA PRODUCTS
VIVA LA HEMP 2GR JOINT SATIVA FUNKY FIESTA *SALE*,4965644369,449656443692,0,7.99,THCA PRODUCTS
VIVA LA HEMP DUAL DISPO 1GR *SALE*,4147276342,141472763427,0,15.0,THCA PRODUCTS
DESTINO PRE ROLL 1.2GR HYBRID BLOCKBERRY,2175033460,721750334602,6,13.0,THCA PRODUCTS
DESTINO FARMS 1.2GR PRE-ROLL SATIVA JACK HERER,2175038115,721750381156,8,13.0,THCA PRODUCTS
LOST MARY ULTRASONIC 35K ICE MINT,5671640642,5056716406426,0,27.99,NICOTINE VAPES
LOST MARY ULTRASONIC 35K WATERMELON ICE,5671640640,5056716406402,4,27.99,NICOTINE VAPES
BB PRE ROLL 1GR HYBRID SUPER BOOF,9823228119,598232281194,2,5.0,THCA PRODUCTS
BB 1GR CART PARTY PACK,9823228258,0000,8,20.0,THCA PRODUCTS
FUME INFINITY MIAMI MIX,4182171723,0000,5,21.0,NICOTINE VAPES
SMAKD SINGLE GUMMY BERRY BLAST 2000MG,5804377889,158043778896,29,4.0,EDIBLES
FUME PRO 30K NO NICOTINE MIAMI MINT,4182173765,6941821737659,4,30.0,NICOTINE VAPES
RAZ LTX 25K ZERO NICOTINE STRAWBERRY BURST,7286650296,0000,5,35.0,NICOTINE VAPES
HOOKALIT VAPE STRAWBERRY KIWI,7785560135,6977855601352,0,35.0,NICOTINE VAPES
TORCH PEN 2.5GR INDICA KING LOUIE XIII,1016827734,810168277349,4,30.0,THCA PRODUCTS
TORCH PEN 2.5GR SATIVA PINEAPPLE EXPRESS,1016827738,810168277387,2,30.0,THCA PRODUCTS
TORCH PEN 2.5GR HYBRID GODFATHER OG,1016827737,810168277370,4,30.0,THCA PRODUCTS
SWISHER SWEETS 2PK STRAWBERRY,2590044559,0000,30,1.5,TOBACCO PRODUCTS
SWISHER SWEETS 2PK ORIGINAL,2590044552,025900445522,29,1.5,TOBACCO PRODUCTS
MARLBORO NXT KINGS CIGARETTES,2820031772,028200317728,8,14.99,TOBACCO PRODUCTS
POLKA DOT MAGIC MUSHROOM BAR DUBAI CHOCOLATE,5338784380,653387843809,9,35.0,EDIBLES
LOST MARY TURBO 35K BLACKBERRY BLUEBERRY,5671640681,0000,5,27.99,NICOTINE VAPES
LOST MARY TURBO 35K STRAWBERRY KIWI,5671640683,5056716406839,2,27.99,NICOTINE VAPES
GEEKBAR X PEACH PERFECT SLUSH,1016428268,0000,5,35.0,NICOTINE VAPES
GEEKBAR X WILD CHERRY SLUSH,1016428272,0000,5,35.0,NICOTINE VAPES
GEEKBAR X ORANGE JAM,1016428322,0000,5,35.0,NICOTINE VAPES
DESTINO JAR 3.5GR INDICA PURPLE RUNTZ,0152748029,0000,1,40.0,THCA PRODUCTS
DESTINO JAR 3.5GR SATIVA ORANGE PUSH POP,0152702547,0000,3,40.0,THCA PRODUCTS
DESTINO JAR 3.5GR INDICA TRIPLE BURGER,0152703127,0000,0,40.0,THCA PRODUCTS
DESTINO JAR 3.5GR INDICA BLUE ZLUSHIE,0152703131,0000,1,40.0,THCA PRODUCTS
DESTINO JAR 3.5GR INDICA INFATUATION,0152701142,601527011427,1,40.0,THCA PRODUCTS
DESTINO JAR 3.5GR SATIVA GREEN CRACK,0152702554,0000,1,40.0,THCA PRODUCTS
DESTINO JAR 3.5GR INDICA CARBON FIBER,0152701452,0000,1,40.0,THCA PRODUCTS
DESTINO JAR 3.5GR SATIVA TROP CHERRY,0152701136,0000,1,40.0,THCA PRODUCTS
LOST MARY TURBO 35K SCARY BERRY,5671640671,0000,5,27.99,NICOTINE VAPES
LOST MARY TURBO 35K TOASTED BANANA,5671640691,5056716406914,4,27.99,NICOTINE VAPES
LOST MARY TURBO 35K SUMMER GRAPE,5671640699,0000,5,27.99,NICOTINE VAPES
FUME 50MG RAINBOW CANDY,4182170085,0000,12,15.0,VAPE JUICES
